freq,stk_flow,indic_et,partner,sitc06,geo,TIME_PERIOD,values
M,IMP,TRD_VAL,CN_X_HK,SITC5,EA20,2020-01-01,1728.2
M,IMP,TRD_VAL,CN_X_HK,SITC6,EA20,2020-01-01,3397.1
M,IMP,TRD_VAL,CN_X_HK,SITC7,EA20,2020-01-01,14986.6
M,IMP,TRD_VAL,CN_X_HK,SITC8,EA20,2020-01-01,7504.7
M,IMP,TRD_VAL,EU27_2020_NEA20,SITC5,EA20,2020-01-01,3312.1
M,IMP,TRD_VAL,EU27_2020_NEA20,SITC6,EA20,2020-01-01,5271
M,IMP,TRD_VAL,EU27_2020_NEA20,SITC7,EA20,2020-01-01,17457
M,IMP,TRD_VAL,EU27_2020_NEA20,SITC8,EA20,2020-01-01,5089.7
M,IMP,TRD_VAL,US,SITC5,EA20,2020-01-01,4019.2
M,IMP,TRD_VAL,US,SITC6,EA20,2020-01-01,1151.1
M,IMP,TRD_VAL,US,SITC7,EA20,2020-01-01,6738.4
M,IMP,TRD_VAL,US,SITC8,EA20,2020-01-01,1961.4
M,IMP,TRD_VAL,VN,SITC5,EA20,2020-01-01,18
M,IMP,TRD_VAL,VN,SITC6,EA20,2020-01-01,169
M,IMP,TRD_VAL,VN,SITC7,EA20,2020-01-01,1190.5
M,IMP,TRD_VAL,VN,SITC8,EA20,2020-01-01,1004.5
M,IMP,TRD_VAL,CN_X_HK,SITC5,EA20,2020-02-01,1316.7
M,IMP,TRD_VAL,CN_X_HK,SITC6,EA20,2020-02-01,2821.8
M,IMP,TRD_VAL,CN_X_HK,SITC7,EA20,2020-02-01,10302.4
M,IMP,TRD_VAL,CN_X_HK,SITC8,EA20,2020-02-01,5971.8
M,IMP,TRD_VAL,EU27_2020_NEA20,SITC5,EA20,2020-02-01,3469.3
M,IMP,TRD_VAL,EU27_2020_NEA20,SITC6,EA20,2020-02-01,5448.1
M,IMP,TRD_VAL,EU27_2020_NEA20,SITC7,EA20,2020-02-01,17699
M,IMP,TRD_VAL,EU27_2020_NEA20,SITC8,EA20,2020-02-01,5057.3
M,IMP,TRD_VAL,US,SITC5,EA20,2020-02-01,3909.5
M,IMP,TRD_VAL,US,SITC6,EA20,2020-02-01,993.3
M,IMP,TRD_VAL,US,SITC7,EA20,2020-02-01,6959.3
M,IMP,TRD_VAL,US,SITC8,EA20,2020-02-01,2026.8
M,IMP,TRD_VAL,VN,SITC5,EA20,2020-02-01,16.2
M,IMP,TRD_VAL,VN,SITC6,EA20,2020-02-01,112.8
M,IMP,TRD_VAL,VN,SITC7,EA20,2020-02-01,1331
M,IMP,TRD_VAL,VN,SITC8,EA20,2020-02-01,855
M,IMP,TRD_VAL,CN_X_HK,SITC5,EA20,2020-03-01,1224.9
M,IMP,TRD_VAL,CN_X_HK,SITC6,EA20,2020-03-01,2329.3
M,IMP,TRD_VAL,CN_X_HK,SITC7,EA20,2020-03-01,11046.8
M,IMP,TRD_VAL,CN_X_HK,SITC8,EA20,2020-03-01,3986.8
M,IMP,TRD_VAL,EU27_2020_NEA20,SITC5,EA20,2020-03-01,3834.3
M,IMP,TRD_VAL,EU27_2020_NEA20,SITC6,EA20,2020-03-01,5512.5
M,IMP,TRD_VAL,EU27_2020_NEA20,SITC7,EA20,2020-03-01,16280.7
M,IMP,TRD_VAL,EU27_2020_NEA20,SITC8,EA20,2020-03-01,4839.1
M,IMP,TRD_VAL,US,SITC5,EA20,2020-03-01,4607.1
M,IMP,TRD_VAL,US,SITC6,EA20,2020-03-01,1014.9
M,IMP,TRD_VAL,US,SITC7,EA20,2020-03-01,7642.3
M,IMP,TRD_VAL,US,SITC8,EA20,2020-03-01,2206.3
M,IMP,TRD_VAL,VN,SITC5,EA20,2020-03-01,15.4
M,IMP,TRD_VAL,VN,SITC6,EA20,2020-03-01,139.2
M,IMP,TRD_VAL,VN,SITC7,EA20,2020-03-01,1745.9
M,IMP,TRD_VAL,VN,SITC8,EA20,2020-03-01,668
M,IMP,TRD_VAL,CN_X_HK,SITC5,EA20,2020-04-01,1723.3
M,IMP,TRD_VAL,CN_X_HK,SITC6,EA20,2020-04-01,5775.4
M,IMP,TRD_VAL,CN_X_HK,SITC7,EA20,2020-04-01,12748.6
M,IMP,TRD_VAL,CN_X_HK,SITC8,EA20,2020-04-01,3884.2
M,IMP,TRD_VAL,EU27_2020_NEA20,SITC5,EA20,2020-04-01,3247
M,IMP,TRD_VAL,EU27_2020_NEA20,SITC6,EA20,2020-04-01,4181
M,IMP,TRD_VAL,EU27_2020_NEA20,SITC7,EA20,2020-04-01,9673
M,IMP,TRD_VAL,EU27_2020_NEA20,SITC8,EA20,2020-04-01,3401.6
M,IMP,TRD_VAL,US,SITC5,EA20,2020-04-01,4602.5
M,IMP,TRD_VAL,US,SITC6,EA20,2020-04-01,859.6
M,IMP,TRD_VAL,US,SITC7,EA20,2020-04-01,5504.1
M,IMP,TRD_VAL,US,SITC8,EA20,2020-04-01,1715
M,IMP,TRD_VAL,VN,SITC5,EA20,2020-04-01,27.6
M,IMP,TRD_VAL,VN,SITC6,EA20,2020-04-01,173
M,IMP,TRD_VAL,VN,SITC7,EA20,2020-04-01,826.1
M,IMP,TRD_VAL,VN,SITC8,EA20,2020-04-01,550.6
M,IMP,TRD_VAL,CN_X_HK,SITC5,EA20,2020-05-01,1756.7
M,IMP,TRD_VAL,CN_X_HK,SITC6,EA20,2020-05-01,7742.7
M,IMP,TRD_VAL,CN_X_HK,SITC7,EA20,2020-05-01,13311.6
M,IMP,TRD_VAL,CN_X_HK,SITC8,EA20,2020-05-01,4999
M,IMP,TRD_VAL,EU27_2020_NEA20,SITC5,EA20,2020-05-01,3096.7
M,IMP,TRD_VAL,EU27_2020_NEA20,SITC6,EA20,2020-05-01,4557
M,IMP,TRD_VAL,EU27_2020_NEA20,SITC7,EA20,2020-05-01,12006.7
M,IMP,TRD_VAL,EU27_2020_NEA20,SITC8,EA20,2020-05-01,4042.2
M,IMP,TRD_VAL,US,SITC5,EA20,2020-05-01,4084.8
M,IMP,TRD_VAL,US,SITC6,EA20,2020-05-01,717
M,IMP,TRD_VAL,US,SITC7,EA20,2020-05-01,4025.7
M,IMP,TRD_VAL,US,SITC8,EA20,2020-05-01,1429.5
M,IMP,TRD_VAL,VN,SITC5,EA20,2020-05-01,18.6
M,IMP,TRD_VAL,VN,SITC6,EA20,2020-05-01,230.5
M,IMP,TRD_VAL,VN,SITC7,EA20,2020-05-01,1103.1
M,IMP,TRD_VAL,VN,SITC8,EA20,2020-05-01,544.9
M,IMP,TRD_VAL,CN_X_HK,SITC5,EA20,2020-06-01,1838.5
M,IMP,TRD_VAL,CN_X_HK,SITC6,EA20,2020-06-01,5456.7
M,IMP,TRD_VAL,CN_X_HK,SITC7,EA20,2020-06-01,14042.4
M,IMP,TRD_VAL,CN_X_HK,SITC8,EA20,2020-06-01,5810.7
M,IMP,TRD_VAL,EU27_2020_NEA20,SITC5,EA20,2020-06-01,3322.5
M,IMP,TRD_VAL,EU27_2020_NEA20,SITC6,EA20,2020-06-01,5061.1
M,IMP,TRD_VAL,EU27_2020_NEA20,SITC7,EA20,2020-06-01,16065.1
M,IMP,TRD_VAL,EU27_2020_NEA20,SITC8,EA20,2020-06-01,4795.3
M,IMP,TRD_VAL,US,SITC5,EA20,2020-06-01,4229
M,IMP,TRD_VAL,US,SITC6,EA20,2020-06-01,759.2
M,IMP,TRD_VAL,US,SITC7,EA20,2020-06-01,4593.5
M,IMP,TRD_VAL,US,SITC8,EA20,2020-06-01,1642.4
M,IMP,TRD_VAL,VN,SITC5,EA20,2020-06-01,20.2
M,IMP,TRD_VAL,VN,SITC6,EA20,2020-06-01,237.1
M,IMP,TRD_VAL,VN,SITC7,EA20,2020-06-01,1551.4
M,IMP,TRD_VAL,VN,SITC8,EA20,2020-06-01,712.6
M,IMP,TRD_VAL,CN_X_HK,SITC5,EA20,2020-07-01,1600.5
M,IMP,TRD_VAL,CN_X_HK,SITC6,EA20,2020-07-01,5097.6
M,IMP,TRD_VAL,CN_X_HK,SITC7,EA20,2020-07-01,14755.2
M,IMP,TRD_VAL,CN_X_HK,SITC8,EA20,2020-07-01,7077.4
M,IMP,TRD_VAL,EU27_2020_NEA20,SITC5,EA20,2020-07-01,3293
M,IMP,TRD_VAL,EU27_2020_NEA20,SITC6,EA20,2020-07-01,5116.5
M,IMP,TRD_VAL,EU27_2020_NEA20,SITC7,EA20,2020-07-01,15979.4
M,IMP,TRD_VAL,EU27_2020_NEA20,SITC8,EA20,2020-07-01,4888.3
M,IMP,TRD_VAL,US,SITC5,EA20,2020-07-01,3697.8
M,IMP,TRD_VAL,US,SITC6,EA20,2020-07-01,750.7
M,IMP,TRD_VAL,US,SITC7,EA20,2020-07-01,5280.3
M,IMP,TRD_VAL,US,SITC8,EA20,2020-07-01,1748.1
M,IMP,TRD_VAL,VN,SITC5,EA20,2020-07-01,19.5
M,IMP,TRD_VAL,VN,SITC6,EA20,2020-07-01,190.9
M,IMP,TRD_VAL,VN,SITC7,EA20,2020-07-01,1321.8
M,IMP,TRD_VAL,VN,SITC8,EA20,2020-07-01,882.5
M,IMP,TRD_VAL,CN_X_HK,SITC5,EA20,2020-08-01,1262.7
M,IMP,TRD_VAL,CN_X_HK,SITC6,EA20,2020-08-01,3490.4
M,IMP,TRD_VAL,CN_X_HK,SITC7,EA20,2020-08-01,12969.1
M,IMP,TRD_VAL,CN_X_HK,SITC8,EA20,2020-08-01,6718
M,IMP,TRD_VAL,EU27_2020_NEA20,SITC5,EA20,2020-08-01,3018.6
M,IMP,TRD_VAL,EU27_2020_NEA20,SITC6,EA20,2020-08-01,4720.4
M,IMP,TRD_VAL,EU27_2020_NEA20,SITC7,EA20,2020-08-01,14111
M,IMP,TRD_VAL,EU27_2020_NEA20,SITC8,EA20,2020-08-01,5000.4
M,IMP,TRD_VAL,US,SITC5,EA20,2020-08-01,3221.5
M,IMP,TRD_VAL,US,SITC6,EA20,2020-08-01,672.3
M,IMP,TRD_VAL,US,SITC7,EA20,2020-08-01,5145.9
M,IMP,TRD_VAL,US,SITC8,EA20,2020-08-01,1742.9
M,IMP,TRD_VAL,VN,SITC5,EA20,2020-08-01,16.8
M,IMP,TRD_VAL,VN,SITC6,EA20,2020-08-01,127.3
M,IMP,TRD_VAL,VN,SITC7,EA20,2020-08-01,1613.9
M,IMP,TRD_VAL,VN,SITC8,EA20,2020-08-01,827
M,IMP,TRD_VAL,CN_X_HK,SITC5,EA20,2020-09-01,1393.1
M,IMP,TRD_VAL,CN_X_HK,SITC6,EA20,2020-09-01,3807.1
M,IMP,TRD_VAL,CN_X_HK,SITC7,EA20,2020-09-01,14309.8
M,IMP,TRD_VAL,CN_X_HK,SITC8,EA20,2020-09-01,7271.1
M,IMP,TRD_VAL,EU27_2020_NEA20,SITC5,EA20,2020-09-01,3483
M,IMP,TRD_VAL,EU27_2020_NEA20,SITC6,EA20,2020-09-01,5541
M,IMP,TRD_VAL,EU27_2020_NEA20,SITC7,EA20,2020-09-01,18877.3
M,IMP,TRD_VAL,EU27_2020_NEA20,SITC8,EA20,2020-09-01,5857
M,IMP,TRD_VAL,US,SITC5,EA20,2020-09-01,3944
M,IMP,TRD_VAL,US,SITC6,EA20,2020-09-01,826.6
M,IMP,TRD_VAL,US,SITC7,EA20,2020-09-01,5864.1
M,IMP,TRD_VAL,US,SITC8,EA20,2020-09-01,2321.6
M,IMP,TRD_VAL,VN,SITC5,EA20,2020-09-01,21.2
M,IMP,TRD_VAL,VN,SITC6,EA20,2020-09-01,140
M,IMP,TRD_VAL,VN,SITC7,EA20,2020-09-01,1547.2
M,IMP,TRD_VAL,VN,SITC8,EA20,2020-09-01,817.4
M,IMP,TRD_VAL,CN_X_HK,SITC5,EA20,2020-10-01,1344
M,IMP,TRD_VAL,CN_X_HK,SITC6,EA20,2020-10-01,3347
M,IMP,TRD_VAL,CN_X_HK,SITC7,EA20,2020-10-01,15011.7
M,IMP,TRD_VAL,CN_X_HK,SITC8,EA20,2020-10-01,6763.9
M,IMP,TRD_VAL,EU27_2020_NEA20,SITC5,EA20,2020-10-01,3586.6
M,IMP,TRD_VAL,EU27_2020_NEA20,SITC6,EA20,2020-10-01,5726.2
M,IMP,TRD_VAL,EU27_2020_NEA20,SITC7,EA20,2020-10-01,19804.3
M,IMP,TRD_VAL,EU27_2020_NEA20,SITC8,EA20,2020-10-01,6002.1
M,IMP,TRD_VAL,US,SITC5,EA20,2020-10-01,3963.1
M,IMP,TRD_VAL,US,SITC6,EA20,2020-10-01,750.8
M,IMP,TRD_VAL,US,SITC7,EA20,2020-10-01,5222.4
M,IMP,TRD_VAL,US,SITC8,EA20,2020-10-01,2002.3
M,IMP,TRD_VAL,VN,SITC5,EA20,2020-10-01,19.3
M,IMP,TRD_VAL,VN,SITC6,EA20,2020-10-01,170.8
M,IMP,TRD_VAL,VN,SITC7,EA20,2020-10-01,1452
M,IMP,TRD_VAL,VN,SITC8,EA20,2020-10-01,739.1
M,IMP,TRD_VAL,CN_X_HK,SITC5,EA20,2020-11-01,1494
M,IMP,TRD_VAL,CN_X_HK,SITC6,EA20,2020-11-01,3177.8
M,IMP,TRD_VAL,CN_X_HK,SITC7,EA20,2020-11-01,17349.8
M,IMP,TRD_VAL,CN_X_HK,SITC8,EA20,2020-11-01,5993.2
M,IMP,TRD_VAL,EU27_2020_NEA20,SITC5,EA20,2020-11-01,3699.8
M,IMP,TRD_VAL,EU27_2020_NEA20,SITC6,EA20,2020-11-01,5734.5
M,IMP,TRD_VAL,EU27_2020_NEA20,SITC7,EA20,2020-11-01,20878.7
M,IMP,TRD_VAL,EU27_2020_NEA20,SITC8,EA20,2020-11-01,6023.6
M,IMP,TRD_VAL,US,SITC5,EA20,2020-11-01,4071.6
M,IMP,TRD_VAL,US,SITC6,EA20,2020-11-01,774.9
M,IMP,TRD_VAL,US,SITC7,EA20,2020-11-01,5627.2
M,IMP,TRD_VAL,US,SITC8,EA20,2020-11-01,1872.8
M,IMP,TRD_VAL,VN,SITC5,EA20,2020-11-01,17.6
M,IMP,TRD_VAL,VN,SITC6,EA20,2020-11-01,135.4
M,IMP,TRD_VAL,VN,SITC7,EA20,2020-11-01,1342.8
M,IMP,TRD_VAL,VN,SITC8,EA20,2020-11-01,676.1
M,IMP,TRD_VAL,CN_X_HK,SITC5,EA20,2020-12-01,1595.7
M,IMP,TRD_VAL,CN_X_HK,SITC6,EA20,2020-12-01,2943.2
M,IMP,TRD_VAL,CN_X_HK,SITC7,EA20,2020-12-01,16441.4
M,IMP,TRD_VAL,CN_X_HK,SITC8,EA20,2020-12-01,5625.1
M,IMP,TRD_VAL,EU27_2020_NEA20,SITC5,EA20,2020-12-01,3483.2
M,IMP,TRD_VAL,EU27_2020_NEA20,SITC6,EA20,2020-12-01,4875.7
M,IMP,TRD_VAL,EU27_2020_NEA20,SITC7,EA20,2020-12-01,18809.7
M,IMP,TRD_VAL,EU27_2020_NEA20,SITC8,EA20,2020-12-01,5390.9
M,IMP,TRD_VAL,US,SITC5,EA20,2020-12-01,3596.6
M,IMP,TRD_VAL,US,SITC6,EA20,2020-12-01,717.8
M,IMP,TRD_VAL,US,SITC7,EA20,2020-12-01,5278.1
M,IMP,TRD_VAL,US,SITC8,EA20,2020-12-01,1879.8
M,IMP,TRD_VAL,VN,SITC5,EA20,2020-12-01,18.1
M,IMP,TRD_VAL,VN,SITC6,EA20,2020-12-01,142.8
M,IMP,TRD_VAL,VN,SITC7,EA20,2020-12-01,1152.7
M,IMP,TRD_VAL,VN,SITC8,EA20,2020-12-01,707.8
M,IMP,TRD_VAL,CN_X_HK,SITC5,EA20,2021-01-01,1619.8
M,IMP,TRD_VAL,CN_X_HK,SITC6,EA20,2021-01-01,3470.3
M,IMP,TRD_VAL,CN_X_HK,SITC7,EA20,2021-01-01,15592.8
M,IMP,TRD_VAL,CN_X_HK,SITC8,EA20,2021-01-01,6574.7
M,IMP,TRD_VAL,EU27_2020_NEA20,SITC5,EA20,2021-01-01,3317.5
M,IMP,TRD_VAL,EU27_2020_NEA20,SITC6,EA20,2021-01-01,5266.8
M,IMP,TRD_VAL,EU27_2020_NEA20,SITC7,EA20,2021-01-01,17520.8
M,IMP,TRD_VAL,EU27_2020_NEA20,SITC8,EA20,2021-01-01,4980.9
M,IMP,TRD_VAL,US,SITC5,EA20,2021-01-01,3467.9
M,IMP,TRD_VAL,US,SITC6,EA20,2021-01-01,775.4
M,IMP,TRD_VAL,US,SITC7,EA20,2021-01-01,4666.2
M,IMP,TRD_VAL,US,SITC8,EA20,2021-01-01,1580.4
M,IMP,TRD_VAL,VN,SITC5,EA20,2021-01-01,18.2
M,IMP,TRD_VAL,VN,SITC6,EA20,2021-01-01,194.7
M,IMP,TRD_VAL,VN,SITC7,EA20,2021-01-01,1589.2
M,IMP,TRD_VAL,VN,SITC8,EA20,2021-01-01,756.2
M,IMP,TRD_VAL,CN_X_HK,SITC5,EA20,2021-02-01,1516.1
M,IMP,TRD_VAL,CN_X_HK,SITC6,EA20,2021-02-01,3334.4
M,IMP,TRD_VAL,CN_X_HK,SITC7,EA20,2021-02-01,14076.8
M,IMP,TRD_VAL,CN_X_HK,SITC8,EA20,2021-02-01,6372.5
M,IMP,TRD_VAL,EU27_2020_NEA20,SITC5,EA20,2021-02-01,3616.5
M,IMP,TRD_VAL,EU27_2020_NEA20,SITC6,EA20,2021-02-01,5819.3
M,IMP,TRD_VAL,EU27_2020_NEA20,SITC7,EA20,2021-02-01,18700.9
M,IMP,TRD_VAL,EU27_2020_NEA20,SITC8,EA20,2021-02-01,5354.1
M,IMP,TRD_VAL,US,SITC5,EA20,2021-02-01,3989.5
M,IMP,TRD_VAL,US,SITC6,EA20,2021-02-01,887.4
M,IMP,TRD_VAL,US,SITC7,EA20,2021-02-01,5120
M,IMP,TRD_VAL,US,SITC8,EA20,2021-02-01,1759.4
M,IMP,TRD_VAL,VN,SITC5,EA20,2021-02-01,18.9
M,IMP,TRD_VAL,VN,SITC6,EA20,2021-02-01,187.9
M,IMP,TRD_VAL,VN,SITC7,EA20,2021-02-01,1262.2
M,IMP,TRD_VAL,VN,SITC8,EA20,2021-02-01,817.6
M,IMP,TRD_VAL,CN_X_HK,SITC5,EA20,2021-03-01,2515.9
M,IMP,TRD_VAL,CN_X_HK,SITC6,EA20,2021-03-01,3756.6
M,IMP,TRD_VAL,CN_X_HK,SITC7,EA20,2021-03-01,17825.4
M,IMP,TRD_VAL,CN_X_HK,SITC8,EA20,2021-03-01,7280.7
M,IMP,TRD_VAL,EU27_2020_NEA20,SITC5,EA20,2021-03-01,4294
M,IMP,TRD_VAL,EU27_2020_NEA20,SITC6,EA20,2021-03-01,6809.4
M,IMP,TRD_VAL,EU27_2020_NEA20,SITC7,EA20,2021-03-01,21615.8
M,IMP,TRD_VAL,EU27_2020_NEA20,SITC8,EA20,2021-03-01,6052.8
M,IMP,TRD_VAL,US,SITC5,EA20,2021-03-01,4709.1
M,IMP,TRD_VAL,US,SITC6,EA20,2021-03-01,919.2
M,IMP,TRD_VAL,US,SITC7,EA20,2021-03-01,6976.3
M,IMP,TRD_VAL,US,SITC8,EA20,2021-03-01,2248.3
M,IMP,TRD_VAL,VN,SITC5,EA20,2021-03-01,21.7
M,IMP,TRD_VAL,VN,SITC6,EA20,2021-03-01,237.6
M,IMP,TRD_VAL,VN,SITC7,EA20,2021-03-01,1593.6
M,IMP,TRD_VAL,VN,SITC8,EA20,2021-03-01,924.3
M,IMP,TRD_VAL,CN_X_HK,SITC5,EA20,2021-04-01,3375.5
M,IMP,TRD_VAL,CN_X_HK,SITC6,EA20,2021-04-01,3018.3
M,IMP,TRD_VAL,CN_X_HK,SITC7,EA20,2021-04-01,15875.3
M,IMP,TRD_VAL,CN_X_HK,SITC8,EA20,2021-04-01,5716.6
M,IMP,TRD_VAL,EU27_2020_NEA20,SITC5,EA20,2021-04-01,3977.5
M,IMP,TRD_VAL,EU27_2020_NEA20,SITC6,EA20,2021-04-01,6102.1
M,IMP,TRD_VAL,EU27_2020_NEA20,SITC7,EA20,2021-04-01,19483.5
M,IMP,TRD_VAL,EU27_2020_NEA20,SITC8,EA20,2021-04-01,5398.3
M,IMP,TRD_VAL,US,SITC5,EA20,2021-04-01,4477.5
M,IMP,TRD_VAL,US,SITC6,EA20,2021-04-01,916.2
M,IMP,TRD_VAL,US,SITC7,EA20,2021-04-01,5751
M,IMP,TRD_VAL,US,SITC8,EA20,2021-04-01,2116.8
M,IMP,TRD_VAL,VN,SITC5,EA20,2021-04-01,26.6
M,IMP,TRD_VAL,VN,SITC6,EA20,2021-04-01,246.2
M,IMP,TRD_VAL,VN,SITC7,EA20,2021-04-01,1168.8
M,IMP,TRD_VAL,VN,SITC8,EA20,2021-04-01,789.1
M,IMP,TRD_VAL,CN_X_HK,SITC5,EA20,2021-05-01,3181.8
M,IMP,TRD_VAL,CN_X_HK,SITC6,EA20,2021-05-01,3065.4
M,IMP,TRD_VAL,CN_X_HK,SITC7,EA20,2021-05-01,15656.2
M,IMP,TRD_VAL,CN_X_HK,SITC8,EA20,2021-05-01,6015.6
M,IMP,TRD_VAL,EU27_2020_NEA20,SITC5,EA20,2021-05-01,3920.1
M,IMP,TRD_VAL,EU27_2020_NEA20,SITC6,EA20,2021-05-01,6374.2
M,IMP,TRD_VAL,EU27_2020_NEA20,SITC7,EA20,2021-05-01,18432.2
M,IMP,TRD_VAL,EU27_2020_NEA20,SITC8,EA20,2021-05-01,5468.4
M,IMP,TRD_VAL,US,SITC5,EA20,2021-05-01,4608.5
M,IMP,TRD_VAL,US,SITC6,EA20,2021-05-01,989.9
M,IMP,TRD_VAL,US,SITC7,EA20,2021-05-01,5745.5
M,IMP,TRD_VAL,US,SITC8,EA20,2021-05-01,2056.7
M,IMP,TRD_VAL,VN,SITC5,EA20,2021-05-01,43
M,IMP,TRD_VAL,VN,SITC6,EA20,2021-05-01,318.6
M,IMP,TRD_VAL,VN,SITC7,EA20,2021-05-01,1249.9
M,IMP,TRD_VAL,VN,SITC8,EA20,2021-05-01,779.4
M,IMP,TRD_VAL,CN_X_HK,SITC5,EA20,2021-06-01,2227.5
M,IMP,TRD_VAL,CN_X_HK,SITC6,EA20,2021-06-01,3306.9
M,IMP,TRD_VAL,CN_X_HK,SITC7,EA20,2021-06-01,16114
M,IMP,TRD_VAL,CN_X_HK,SITC8,EA20,2021-06-01,6576.4
M,IMP,TRD_VAL,EU27_2020_NEA20,SITC5,EA20,2021-06-01,4296.1
M,IMP,TRD_VAL,EU27_2020_NEA20,SITC6,EA20,2021-06-01,6828
M,IMP,TRD_VAL,EU27_2020_NEA20,SITC7,EA20,2021-06-01,19520.1
M,IMP,TRD_VAL,EU27_2020_NEA20,SITC8,EA20,2021-06-01,5804.1
M,IMP,TRD_VAL,US,SITC5,EA20,2021-06-01,4823.9
M,IMP,TRD_VAL,US,SITC6,EA20,2021-06-01,974.2
M,IMP,TRD_VAL,US,SITC7,EA20,2021-06-01,6553.5
M,IMP,TRD_VAL,US,SITC8,EA20,2021-06-01,2184.3
M,IMP,TRD_VAL,VN,SITC5,EA20,2021-06-01,42.7
M,IMP,TRD_VAL,VN,SITC6,EA20,2021-06-01,226.5
M,IMP,TRD_VAL,VN,SITC7,EA20,2021-06-01,1553.3
M,IMP,TRD_VAL,VN,SITC8,EA20,2021-06-01,842.8
M,IMP,TRD_VAL,CN_X_HK,SITC5,EA20,2021-07-01,2285.8
M,IMP,TRD_VAL,CN_X_HK,SITC6,EA20,2021-07-01,3483.6
M,IMP,TRD_VAL,CN_X_HK,SITC7,EA20,2021-07-01,16433.6
M,IMP,TRD_VAL,CN_X_HK,SITC8,EA20,2021-07-01,6978.8
M,IMP,TRD_VAL,EU27_2020_NEA20,SITC5,EA20,2021-07-01,3995.6
M,IMP,TRD_VAL,EU27_2020_NEA20,SITC6,EA20,2021-07-01,6362
M,IMP,TRD_VAL,EU27_2020_NEA20,SITC7,EA20,2021-07-01,17447.9
M,IMP,TRD_VAL,EU27_2020_NEA20,SITC8,EA20,2021-07-01,5412.6
M,IMP,TRD_VAL,US,SITC5,EA20,2021-07-01,4298.7
M,IMP,TRD_VAL,US,SITC6,EA20,2021-07-01,903.7
M,IMP,TRD_VAL,US,SITC7,EA20,2021-07-01,5338.6
M,IMP,TRD_VAL,US,SITC8,EA20,2021-07-01,2065.3
M,IMP,TRD_VAL,VN,SITC5,EA20,2021-07-01,35.5
M,IMP,TRD_VAL,VN,SITC6,EA20,2021-07-01,279.1
M,IMP,TRD_VAL,VN,SITC7,EA20,2021-07-01,1156.9
M,IMP,TRD_VAL,VN,SITC8,EA20,2021-07-01,890
M,IMP,TRD_VAL,CN_X_HK,SITC5,EA20,2021-08-01,2342
M,IMP,TRD_VAL,CN_X_HK,SITC6,EA20,2021-08-01,3963.7
M,IMP,TRD_VAL,CN_X_HK,SITC7,EA20,2021-08-01,16954.4
M,IMP,TRD_VAL,CN_X_HK,SITC8,EA20,2021-08-01,8493.3
M,IMP,TRD_VAL,EU27_2020_NEA20,SITC5,EA20,2021-08-01,3702.1
M,IMP,TRD_VAL,EU27_2020_NEA20,SITC6,EA20,2021-08-01,5836.3
M,IMP,TRD_VAL,EU27_2020_NEA20,SITC7,EA20,2021-08-01,14013.8
M,IMP,TRD_VAL,EU27_2020_NEA20,SITC8,EA20,2021-08-01,5267
M,IMP,TRD_VAL,US,SITC5,EA20,2021-08-01,4596
M,IMP,TRD_VAL,US,SITC6,EA20,2021-08-01,914.4
M,IMP,TRD_VAL,US,SITC7,EA20,2021-08-01,5829.6
M,IMP,TRD_VAL,US,SITC8,EA20,2021-08-01,2007.6
M,IMP,TRD_VAL,VN,SITC5,EA20,2021-08-01,33.4
M,IMP,TRD_VAL,VN,SITC6,EA20,2021-08-01,359.1
M,IMP,TRD_VAL,VN,SITC7,EA20,2021-08-01,1448.5
M,IMP,TRD_VAL,VN,SITC8,EA20,2021-08-01,875
M,IMP,TRD_VAL,CN_X_HK,SITC5,EA20,2021-09-01,2428.3
M,IMP,TRD_VAL,CN_X_HK,SITC6,EA20,2021-09-01,4173.2
M,IMP,TRD_VAL,CN_X_HK,SITC7,EA20,2021-09-01,19161.2
M,IMP,TRD_VAL,CN_X_HK,SITC8,EA20,2021-09-01,9177.3
M,IMP,TRD_VAL,EU27_2020_NEA20,SITC5,EA20,2021-09-01,4225.1
M,IMP,TRD_VAL,EU27_2020_NEA20,SITC6,EA20,2021-09-01,6884.1
M,IMP,TRD_VAL,EU27_2020_NEA20,SITC7,EA20,2021-09-01,18215.8
M,IMP,TRD_VAL,EU27_2020_NEA20,SITC8,EA20,2021-09-01,6194.9
M,IMP,TRD_VAL,US,SITC5,EA20,2021-09-01,5506.4
M,IMP,TRD_VAL,US,SITC6,EA20,2021-09-01,902.2
M,IMP,TRD_VAL,US,SITC7,EA20,2021-09-01,6123
M,IMP,TRD_VAL,US,SITC8,EA20,2021-09-01,2006
M,IMP,TRD_VAL,VN,SITC5,EA20,2021-09-01,25.8
M,IMP,TRD_VAL,VN,SITC6,EA20,2021-09-01,379.2
M,IMP,TRD_VAL,VN,SITC7,EA20,2021-09-01,1513.2
M,IMP,TRD_VAL,VN,SITC8,EA20,2021-09-01,826.3
M,IMP,TRD_VAL,CN_X_HK,SITC5,EA20,2021-10-01,2390.5
M,IMP,TRD_VAL,CN_X_HK,SITC6,EA20,2021-10-01,4136.6
M,IMP,TRD_VAL,CN_X_HK,SITC7,EA20,2021-10-01,18720.9
M,IMP,TRD_VAL,CN_X_HK,SITC8,EA20,2021-10-01,8357
M,IMP,TRD_VAL,EU27_2020_NEA20,SITC5,EA20,2021-10-01,4330.4
M,IMP,TRD_VAL,EU27_2020_NEA20,SITC6,EA20,2021-10-01,6978.1
M,IMP,TRD_VAL,EU27_2020_NEA20,SITC7,EA20,2021-10-01,18545
M,IMP,TRD_VAL,EU27_2020_NEA20,SITC8,EA20,2021-10-01,6553.8
M,IMP,TRD_VAL,US,SITC5,EA20,2021-10-01,4769.6
M,IMP,TRD_VAL,US,SITC6,EA20,2021-10-01,845.3
M,IMP,TRD_VAL,US,SITC7,EA20,2021-10-01,5795.1
M,IMP,TRD_VAL,US,SITC8,EA20,2021-10-01,2034.4
M,IMP,TRD_VAL,VN,SITC5,EA20,2021-10-01,30
M,IMP,TRD_VAL,VN,SITC6,EA20,2021-10-01,309.1
M,IMP,TRD_VAL,VN,SITC7,EA20,2021-10-01,1370.8
M,IMP,TRD_VAL,VN,SITC8,EA20,2021-10-01,630.6
M,IMP,TRD_VAL,CN_X_HK,SITC5,EA20,2021-11-01,2669
M,IMP,TRD_VAL,CN_X_HK,SITC6,EA20,2021-11-01,4399.3
M,IMP,TRD_VAL,CN_X_HK,SITC7,EA20,2021-11-01,21516.7
M,IMP,TRD_VAL,CN_X_HK,SITC8,EA20,2021-11-01,9380.4
M,IMP,TRD_VAL,EU27_2020_NEA20,SITC5,EA20,2021-11-01,4638
M,IMP,TRD_VAL,EU27_2020_NEA20,SITC6,EA20,2021-11-01,7358.7
M,IMP,TRD_VAL,EU27_2020_NEA20,SITC7,EA20,2021-11-01,20890.1
M,IMP,TRD_VAL,EU27_2020_NEA20,SITC8,EA20,2021-11-01,6825.1
M,IMP,TRD_VAL,US,SITC5,EA20,2021-11-01,4823
M,IMP,TRD_VAL,US,SITC6,EA20,2021-11-01,904.4
M,IMP,TRD_VAL,US,SITC7,EA20,2021-11-01,6319.7
M,IMP,TRD_VAL,US,SITC8,EA20,2021-11-01,2258.1
M,IMP,TRD_VAL,VN,SITC5,EA20,2021-11-01,34.5
M,IMP,TRD_VAL,VN,SITC6,EA20,2021-11-01,412.5
M,IMP,TRD_VAL,VN,SITC7,EA20,2021-11-01,1708.6
M,IMP,TRD_VAL,VN,SITC8,EA20,2021-11-01,674.4
M,IMP,TRD_VAL,CN_X_HK,SITC5,EA20,2021-12-01,3702.3
M,IMP,TRD_VAL,CN_X_HK,SITC6,EA20,2021-12-01,4623.6
M,IMP,TRD_VAL,CN_X_HK,SITC7,EA20,2021-12-01,23113
M,IMP,TRD_VAL,CN_X_HK,SITC8,EA20,2021-12-01,8981.2
M,IMP,TRD_VAL,EU27_2020_NEA20,SITC5,EA20,2021-12-01,4452.8
M,IMP,TRD_VAL,EU27_2020_NEA20,SITC6,EA20,2021-12-01,6328.5
M,IMP,TRD_VAL,EU27_2020_NEA20,SITC7,EA20,2021-12-01,19194.2
M,IMP,TRD_VAL,EU27_2020_NEA20,SITC8,EA20,2021-12-01,6248.8
M,IMP,TRD_VAL,US,SITC5,EA20,2021-12-01,4930
M,IMP,TRD_VAL,US,SITC6,EA20,2021-12-01,807.4
M,IMP,TRD_VAL,US,SITC7,EA20,2021-12-01,6713.4
M,IMP,TRD_VAL,US,SITC8,EA20,2021-12-01,2250
M,IMP,TRD_VAL,VN,SITC5,EA20,2021-12-01,39.7
M,IMP,TRD_VAL,VN,SITC6,EA20,2021-12-01,385.1
M,IMP,TRD_VAL,VN,SITC7,EA20,2021-12-01,1511.1
M,IMP,TRD_VAL,VN,SITC8,EA20,2021-12-01,739.5
M,IMP,TRD_VAL,CN_X_HK,SITC5,EA20,2022-01-01,4586.7
M,IMP,TRD_VAL,CN_X_HK,SITC6,EA20,2022-01-01,5556.6
M,IMP,TRD_VAL,CN_X_HK,SITC7,EA20,2022-01-01,21198.1
M,IMP,TRD_VAL,CN_X_HK,SITC8,EA20,2022-01-01,9328.3
M,IMP,TRD_VAL,EU27_2020_NEA20,SITC5,EA20,2022-01-01,4480.7
M,IMP,TRD_VAL,EU27_2020_NEA20,SITC6,EA20,2022-01-01,6861.6
M,IMP,TRD_VAL,EU27_2020_NEA20,SITC7,EA20,2022-01-01,18816
M,IMP,TRD_VAL,EU27_2020_NEA20,SITC8,EA20,2022-01-01,5761.5
M,IMP,TRD_VAL,US,SITC5,EA20,2022-01-01,5251.2
M,IMP,TRD_VAL,US,SITC6,EA20,2022-01-01,1046.8
M,IMP,TRD_VAL,US,SITC7,EA20,2022-01-01,5624.3
M,IMP,TRD_VAL,US,SITC8,EA20,2022-01-01,2038.2
M,IMP,TRD_VAL,VN,SITC5,EA20,2022-01-01,47.1
M,IMP,TRD_VAL,VN,SITC6,EA20,2022-01-01,447.1
M,IMP,TRD_VAL,VN,SITC7,EA20,2022-01-01,1538.2
M,IMP,TRD_VAL,VN,SITC8,EA20,2022-01-01,931.7
M,IMP,TRD_VAL,CN_X_HK,SITC5,EA20,2022-02-01,3985.5
M,IMP,TRD_VAL,CN_X_HK,SITC6,EA20,2022-02-01,4774.5
M,IMP,TRD_VAL,CN_X_HK,SITC7,EA20,2022-02-01,18148.9
M,IMP,TRD_VAL,CN_X_HK,SITC8,EA20,2022-02-01,8060.9
M,IMP,TRD_VAL,EU27_2020_NEA20,SITC5,EA20,2022-02-01,4628.7
M,IMP,TRD_VAL,EU27_2020_NEA20,SITC6,EA20,2022-02-01,7375.9
M,IMP,TRD_VAL,EU27_2020_NEA20,SITC7,EA20,2022-02-01,19848
M,IMP,TRD_VAL,EU27_2020_NEA20,SITC8,EA20,2022-02-01,5939.9
M,IMP,TRD_VAL,US,SITC5,EA20,2022-02-01,6094.1
M,IMP,TRD_VAL,US,SITC6,EA20,2022-02-01,892.6
M,IMP,TRD_VAL,US,SITC7,EA20,2022-02-01,5567.5
M,IMP,TRD_VAL,US,SITC8,EA20,2022-02-01,1962
M,IMP,TRD_VAL,VN,SITC5,EA20,2022-02-01,41.4
M,IMP,TRD_VAL,VN,SITC6,EA20,2022-02-01,360.9
M,IMP,TRD_VAL,VN,SITC7,EA20,2022-02-01,1292.4
M,IMP,TRD_VAL,VN,SITC8,EA20,2022-02-01,892.8
M,IMP,TRD_VAL,CN_X_HK,SITC5,EA20,2022-03-01,5711.6
M,IMP,TRD_VAL,CN_X_HK,SITC6,EA20,2022-03-01,5292.3
M,IMP,TRD_VAL,CN_X_HK,SITC7,EA20,2022-03-01,21811.9
M,IMP,TRD_VAL,CN_X_HK,SITC8,EA20,2022-03-01,9242.9
M,IMP,TRD_VAL,EU27_2020_NEA20,SITC5,EA20,2022-03-01,5735.1
M,IMP,TRD_VAL,EU27_2020_NEA20,SITC6,EA20,2022-03-01,9161.4
M,IMP,TRD_VAL,EU27_2020_NEA20,SITC7,EA20,2022-03-01,22206.3
M,IMP,TRD_VAL,EU27_2020_NEA20,SITC8,EA20,2022-03-01,6794.4
M,IMP,TRD_VAL,US,SITC5,EA20,2022-03-01,5952.8
M,IMP,TRD_VAL,US,SITC6,EA20,2022-03-01,1178.9
M,IMP,TRD_VAL,US,SITC7,EA20,2022-03-01,7273.2
M,IMP,TRD_VAL,US,SITC8,EA20,2022-03-01,2507.4
M,IMP,TRD_VAL,VN,SITC5,EA20,2022-03-01,50.7
M,IMP,TRD_VAL,VN,SITC6,EA20,2022-03-01,364.6
M,IMP,TRD_VAL,VN,SITC7,EA20,2022-03-01,1604.3
M,IMP,TRD_VAL,VN,SITC8,EA20,2022-03-01,1110.4
M,IMP,TRD_VAL,CN_X_HK,SITC5,EA20,2022-04-01,6406.9
M,IMP,TRD_VAL,CN_X_HK,SITC6,EA20,2022-04-01,4655.1
M,IMP,TRD_VAL,CN_X_HK,SITC7,EA20,2022-04-01,19579.9
M,IMP,TRD_VAL,CN_X_HK,SITC8,EA20,2022-04-01,7228
M,IMP,TRD_VAL,EU27_2020_NEA20,SITC5,EA20,2022-04-01,4960.2
M,IMP,TRD_VAL,EU27_2020_NEA20,SITC6,EA20,2022-04-01,7841.1
M,IMP,TRD_VAL,EU27_2020_NEA20,SITC7,EA20,2022-04-01,20077.3
M,IMP,TRD_VAL,EU27_2020_NEA20,SITC8,EA20,2022-04-01,5953
M,IMP,TRD_VAL,US,SITC5,EA20,2022-04-01,5303.4
M,IMP,TRD_VAL,US,SITC6,EA20,2022-04-01,976.9
M,IMP,TRD_VAL,US,SITC7,EA20,2022-04-01,6733.5
M,IMP,TRD_VAL,US,SITC8,EA20,2022-04-01,2249.7
M,IMP,TRD_VAL,VN,SITC5,EA20,2022-04-01,50.1
M,IMP,TRD_VAL,VN,SITC6,EA20,2022-04-01,502.1
M,IMP,TRD_VAL,VN,SITC7,EA20,2022-04-01,1463.1
M,IMP,TRD_VAL,VN,SITC8,EA20,2022-04-01,1082.5
M,IMP,TRD_VAL,CN_X_HK,SITC5,EA20,2022-05-01,8551.8
M,IMP,TRD_VAL,CN_X_HK,SITC6,EA20,2022-05-01,4915.8
M,IMP,TRD_VAL,CN_X_HK,SITC7,EA20,2022-05-01,21238.9
M,IMP,TRD_VAL,CN_X_HK,SITC8,EA20,2022-05-01,8302.6
M,IMP,TRD_VAL,EU27_2020_NEA20,SITC5,EA20,2022-05-01,5260.1
M,IMP,TRD_VAL,EU27_2020_NEA20,SITC6,EA20,2022-05-01,8666.4
M,IMP,TRD_VAL,EU27_2020_NEA20,SITC7,EA20,2022-05-01,21931.7
M,IMP,TRD_VAL,EU27_2020_NEA20,SITC8,EA20,2022-05-01,6526.1
M,IMP,TRD_VAL,US,SITC5,EA20,2022-05-01,6299.1
M,IMP,TRD_VAL,US,SITC6,EA20,2022-05-01,1243
M,IMP,TRD_VAL,US,SITC7,EA20,2022-05-01,7912.5
M,IMP,TRD_VAL,US,SITC8,EA20,2022-05-01,2604.5
M,IMP,TRD_VAL,VN,SITC5,EA20,2022-05-01,63.4
M,IMP,TRD_VAL,VN,SITC6,EA20,2022-05-01,528.6
M,IMP,TRD_VAL,VN,SITC7,EA20,2022-05-01,1485.9
M,IMP,TRD_VAL,VN,SITC8,EA20,2022-05-01,1197.2
M,IMP,TRD_VAL,CN_X_HK,SITC5,EA20,2022-06-01,7159.6
M,IMP,TRD_VAL,CN_X_HK,SITC6,EA20,2022-06-01,4905.2
M,IMP,TRD_VAL,CN_X_HK,SITC7,EA20,2022-06-01,22334.1
M,IMP,TRD_VAL,CN_X_HK,SITC8,EA20,2022-06-01,8774.1
M,IMP,TRD_VAL,EU27_2020_NEA20,SITC5,EA20,2022-06-01,5209.3
M,IMP,TRD_VAL,EU27_2020_NEA20,SITC6,EA20,2022-06-01,8668.8
M,IMP,TRD_VAL,EU27_2020_NEA20,SITC7,EA20,2022-06-01,22493.2
M,IMP,TRD_VAL,EU27_2020_NEA20,SITC8,EA20,2022-06-01,6399.6
M,IMP,TRD_VAL,US,SITC5,EA20,2022-06-01,6141.7
M,IMP,TRD_VAL,US,SITC6,EA20,2022-06-01,1197.7
M,IMP,TRD_VAL,US,SITC7,EA20,2022-06-01,7968.9
M,IMP,TRD_VAL,US,SITC8,EA20,2022-06-01,2557
M,IMP,TRD_VAL,VN,SITC5,EA20,2022-06-01,66.8
M,IMP,TRD_VAL,VN,SITC6,EA20,2022-06-01,558.5
M,IMP,TRD_VAL,VN,SITC7,EA20,2022-06-01,1477.8
M,IMP,TRD_VAL,VN,SITC8,EA20,2022-06-01,1291.5
M,IMP,TRD_VAL,CN_X_HK,SITC5,EA20,2022-07-01,5197.5
M,IMP,TRD_VAL,CN_X_HK,SITC6,EA20,2022-07-01,5606.8
M,IMP,TRD_VAL,CN_X_HK,SITC7,EA20,2022-07-01,20429.5
M,IMP,TRD_VAL,CN_X_HK,SITC8,EA20,2022-07-01,9229.1
M,IMP,TRD_VAL,EU27_2020_NEA20,SITC5,EA20,2022-07-01,4851.3
M,IMP,TRD_VAL,EU27_2020_NEA20,SITC6,EA20,2022-07-01,7588.9
M,IMP,TRD_VAL,EU27_2020_NEA20,SITC7,EA20,2022-07-01,20509.6
M,IMP,TRD_VAL,EU27_2020_NEA20,SITC8,EA20,2022-07-01,5984.3
M,IMP,TRD_VAL,US,SITC5,EA20,2022-07-01,5424.6
M,IMP,TRD_VAL,US,SITC6,EA20,2022-07-01,1096.4
M,IMP,TRD_VAL,US,SITC7,EA20,2022-07-01,6490.9
M,IMP,TRD_VAL,US,SITC8,EA20,2022-07-01,2188.3
M,IMP,TRD_VAL,VN,SITC5,EA20,2022-07-01,58.1
M,IMP,TRD_VAL,VN,SITC6,EA20,2022-07-01,460.6
M,IMP,TRD_VAL,VN,SITC7,EA20,2022-07-01,1371.9
M,IMP,TRD_VAL,VN,SITC8,EA20,2022-07-01,1232.8
M,IMP,TRD_VAL,CN_X_HK,SITC5,EA20,2022-08-01,4166.4
M,IMP,TRD_VAL,CN_X_HK,SITC6,EA20,2022-08-01,5563.5
M,IMP,TRD_VAL,CN_X_HK,SITC7,EA20,2022-08-01,24431.6
M,IMP,TRD_VAL,CN_X_HK,SITC8,EA20,2022-08-01,11778.4
M,IMP,TRD_VAL,EU27_2020_NEA20,SITC5,EA20,2022-08-01,4611.4
M,IMP,TRD_VAL,EU27_2020_NEA20,SITC6,EA20,2022-08-01,7153.5
M,IMP,TRD_VAL,EU27_2020_NEA20,SITC7,EA20,2022-08-01,19220
M,IMP,TRD_VAL,EU27_2020_NEA20,SITC8,EA20,2022-08-01,5976.5
M,IMP,TRD_VAL,US,SITC5,EA20,2022-08-01,6295.7
M,IMP,TRD_VAL,US,SITC6,EA20,2022-08-01,1257.8
M,IMP,TRD_VAL,US,SITC7,EA20,2022-08-01,7596.2
M,IMP,TRD_VAL,US,SITC8,EA20,2022-08-01,2631.9
M,IMP,TRD_VAL,VN,SITC5,EA20,2022-08-01,54.6
M,IMP,TRD_VAL,VN,SITC6,EA20,2022-08-01,397.2
M,IMP,TRD_VAL,VN,SITC7,EA20,2022-08-01,1958
M,IMP,TRD_VAL,VN,SITC8,EA20,2022-08-01,1466.7
M,IMP,TRD_VAL,CN_X_HK,SITC5,EA20,2022-09-01,4281.2
M,IMP,TRD_VAL,CN_X_HK,SITC6,EA20,2022-09-01,5341.3
M,IMP,TRD_VAL,CN_X_HK,SITC7,EA20,2022-09-01,26239.1
M,IMP,TRD_VAL,CN_X_HK,SITC8,EA20,2022-09-01,11836.4
M,IMP,TRD_VAL,EU27_2020_NEA20,SITC5,EA20,2022-09-01,5096.8
M,IMP,TRD_VAL,EU27_2020_NEA20,SITC6,EA20,2022-09-01,8103.4
M,IMP,TRD_VAL,EU27_2020_NEA20,SITC7,EA20,2022-09-01,24835.1
M,IMP,TRD_VAL,EU27_2020_NEA20,SITC8,EA20,2022-09-01,7124.5
M,IMP,TRD_VAL,US,SITC5,EA20,2022-09-01,6333.6
M,IMP,TRD_VAL,US,SITC6,EA20,2022-09-01,1331.3
M,IMP,TRD_VAL,US,SITC7,EA20,2022-09-01,9158
M,IMP,TRD_VAL,US,SITC8,EA20,2022-09-01,2472.3
M,IMP,TRD_VAL,VN,SITC5,EA20,2022-09-01,62
M,IMP,TRD_VAL,VN,SITC6,EA20,2022-09-01,328.9
M,IMP,TRD_VAL,VN,SITC7,EA20,2022-09-01,1803.7
M,IMP,TRD_VAL,VN,SITC8,EA20,2022-09-01,1537
M,IMP,TRD_VAL,CN_X_HK,SITC5,EA20,2022-10-01,3449.1
M,IMP,TRD_VAL,CN_X_HK,SITC6,EA20,2022-10-01,5184.6
M,IMP,TRD_VAL,CN_X_HK,SITC7,EA20,2022-10-01,25178.6
M,IMP,TRD_VAL,CN_X_HK,SITC8,EA20,2022-10-01,10075.5
M,IMP,TRD_VAL,EU27_2020_NEA20,SITC5,EA20,2022-10-01,5042.3
M,IMP,TRD_VAL,EU27_2020_NEA20,SITC6,EA20,2022-10-01,7794.7
M,IMP,TRD_VAL,EU27_2020_NEA20,SITC7,EA20,2022-10-01,24345.6
M,IMP,TRD_VAL,EU27_2020_NEA20,SITC8,EA20,2022-10-01,7167.4
M,IMP,TRD_VAL,US,SITC5,EA20,2022-10-01,6627.8
M,IMP,TRD_VAL,US,SITC6,EA20,2022-10-01,1180.9
M,IMP,TRD_VAL,US,SITC7,EA20,2022-10-01,8069.4
M,IMP,TRD_VAL,US,SITC8,EA20,2022-10-01,2615.6
M,IMP,TRD_VAL,VN,SITC5,EA20,2022-10-01,47.3
M,IMP,TRD_VAL,VN,SITC6,EA20,2022-10-01,412.2
M,IMP,TRD_VAL,VN,SITC7,EA20,2022-10-01,2108.4
M,IMP,TRD_VAL,VN,SITC8,EA20,2022-10-01,1600.7
M,IMP,TRD_VAL,CN_X_HK,SITC5,EA20,2022-11-01,3353.4
M,IMP,TRD_VAL,CN_X_HK,SITC6,EA20,2022-11-01,4289.8
M,IMP,TRD_VAL,CN_X_HK,SITC7,EA20,2022-11-01,25435.9
M,IMP,TRD_VAL,CN_X_HK,SITC8,EA20,2022-11-01,9413.5
M,IMP,TRD_VAL,EU27_2020_NEA20,SITC5,EA20,2022-11-01,5185.2
M,IMP,TRD_VAL,EU27_2020_NEA20,SITC6,EA20,2022-11-01,7959.1
M,IMP,TRD_VAL,EU27_2020_NEA20,SITC7,EA20,2022-11-01,25849.3
M,IMP,TRD_VAL,EU27_2020_NEA20,SITC8,EA20,2022-11-01,7530.6
M,IMP,TRD_VAL,US,SITC5,EA20,2022-11-01,7228.9
M,IMP,TRD_VAL,US,SITC6,EA20,2022-11-01,1432.6
M,IMP,TRD_VAL,US,SITC7,EA20,2022-11-01,8323.1
M,IMP,TRD_VAL,US,SITC8,EA20,2022-11-01,2734.2
M,IMP,TRD_VAL,VN,SITC5,EA20,2022-11-01,44.4
M,IMP,TRD_VAL,VN,SITC6,EA20,2022-11-01,332
M,IMP,TRD_VAL,VN,SITC7,EA20,2022-11-01,1946.4
M,IMP,TRD_VAL,VN,SITC8,EA20,2022-11-01,1421.8
M,IMP,TRD_VAL,CN_X_HK,SITC5,EA20,2022-12-01,2886.7
M,IMP,TRD_VAL,CN_X_HK,SITC6,EA20,2022-12-01,3548.7
M,IMP,TRD_VAL,CN_X_HK,SITC7,EA20,2022-12-01,20671.8
M,IMP,TRD_VAL,CN_X_HK,SITC8,EA20,2022-12-01,8145.2
M,IMP,TRD_VAL,EU27_2020_NEA20,SITC5,EA20,2022-12-01,4706.7
M,IMP,TRD_VAL,EU27_2020_NEA20,SITC6,EA20,2022-12-01,6443
M,IMP,TRD_VAL,EU27_2020_NEA20,SITC7,EA20,2022-12-01,21946.4
M,IMP,TRD_VAL,EU27_2020_NEA20,SITC8,EA20,2022-12-01,6520.8
M,IMP,TRD_VAL,US,SITC5,EA20,2022-12-01,5070.5
M,IMP,TRD_VAL,US,SITC6,EA20,2022-12-01,935.3
M,IMP,TRD_VAL,US,SITC7,EA20,2022-12-01,8403.6
M,IMP,TRD_VAL,US,SITC8,EA20,2022-12-01,2580.1
M,IMP,TRD_VAL,VN,SITC5,EA20,2022-12-01,68
M,IMP,TRD_VAL,VN,SITC6,EA20,2022-12-01,226
M,IMP,TRD_VAL,VN,SITC7,EA20,2022-12-01,1169.6
M,IMP,TRD_VAL,VN,SITC8,EA20,2022-12-01,1318
M,IMP,TRD_VAL,CN_X_HK,SITC5,EA20,2023-01-01,3595.3
M,IMP,TRD_VAL,CN_X_HK,SITC6,EA20,2023-01-01,4354.8
M,IMP,TRD_VAL,CN_X_HK,SITC7,EA20,2023-01-01,22061.3
M,IMP,TRD_VAL,CN_X_HK,SITC8,EA20,2023-01-01,8235.1
M,IMP,TRD_VAL,EU27_2020_NEA20,SITC5,EA20,2023-01-01,4995.4
M,IMP,TRD_VAL,EU27_2020_NEA20,SITC6,EA20,2023-01-01,7321.5
M,IMP,TRD_VAL,EU27_2020_NEA20,SITC7,EA20,2023-01-01,23412.6
M,IMP,TRD_VAL,EU27_2020_NEA20,SITC8,EA20,2023-01-01,6514.9
M,IMP,TRD_VAL,US,SITC5,EA20,2023-01-01,6835.6
M,IMP,TRD_VAL,US,SITC6,EA20,2023-01-01,1137.1
M,IMP,TRD_VAL,US,SITC7,EA20,2023-01-01,8003.4
M,IMP,TRD_VAL,US,SITC8,EA20,2023-01-01,2372.9
M,IMP,TRD_VAL,VN,SITC5,EA20,2023-01-01,54.7
M,IMP,TRD_VAL,VN,SITC6,EA20,2023-01-01,314.6
M,IMP,TRD_VAL,VN,SITC7,EA20,2023-01-01,1817
M,IMP,TRD_VAL,VN,SITC8,EA20,2023-01-01,1306.8
M,IMP,TRD_VAL,CN_X_HK,SITC5,EA20,2023-02-01,3007.9
M,IMP,TRD_VAL,CN_X_HK,SITC6,EA20,2023-02-01,3558.4
M,IMP,TRD_VAL,CN_X_HK,SITC7,EA20,2023-02-01,19168.9
M,IMP,TRD_VAL,CN_X_HK,SITC8,EA20,2023-02-01,7190.8
M,IMP,TRD_VAL,EU27_2020_NEA20,SITC5,EA20,2023-02-01,4716.4
M,IMP,TRD_VAL,EU27_2020_NEA20,SITC6,EA20,2023-02-01,7622
M,IMP,TRD_VAL,EU27_2020_NEA20,SITC7,EA20,2023-02-01,24400.5
M,IMP,TRD_VAL,EU27_2020_NEA20,SITC8,EA20,2023-02-01,6588.3
M,IMP,TRD_VAL,US,SITC5,EA20,2023-02-01,5985.5
M,IMP,TRD_VAL,US,SITC6,EA20,2023-02-01,1141.6
M,IMP,TRD_VAL,US,SITC7,EA20,2023-02-01,6477.4
M,IMP,TRD_VAL,US,SITC8,EA20,2023-02-01,2368.3
M,IMP,TRD_VAL,VN,SITC5,EA20,2023-02-01,49.3
M,IMP,TRD_VAL,VN,SITC6,EA20,2023-02-01,289.4
M,IMP,TRD_VAL,VN,SITC7,EA20,2023-02-01,1581.4
M,IMP,TRD_VAL,VN,SITC8,EA20,2023-02-01,1214.8
M,IMP,TRD_VAL,CN_X_HK,SITC5,EA20,2023-03-01,3495.5
M,IMP,TRD_VAL,CN_X_HK,SITC6,EA20,2023-03-01,3342.8
M,IMP,TRD_VAL,CN_X_HK,SITC7,EA20,2023-03-01,20869.5
M,IMP,TRD_VAL,CN_X_HK,SITC8,EA20,2023-03-01,6919.5
M,IMP,TRD_VAL,EU27_2020_NEA20,SITC5,EA20,2023-03-01,5606
M,IMP,TRD_VAL,EU27_2020_NEA20,SITC6,EA20,2023-03-01,8673.7
M,IMP,TRD_VAL,EU27_2020_NEA20,SITC7,EA20,2023-03-01,27406.3
M,IMP,TRD_VAL,EU27_2020_NEA20,SITC8,EA20,2023-03-01,7485
M,IMP,TRD_VAL,US,SITC5,EA20,2023-03-01,7393.3
M,IMP,TRD_VAL,US,SITC6,EA20,2023-03-01,1260.7
M,IMP,TRD_VAL,US,SITC7,EA20,2023-03-01,9293.2
M,IMP,TRD_VAL,US,SITC8,EA20,2023-03-01,2900.5
M,IMP,TRD_VAL,VN,SITC5,EA20,2023-03-01,52.4
M,IMP,TRD_VAL,VN,SITC6,EA20,2023-03-01,316.7
M,IMP,TRD_VAL,VN,SITC7,EA20,2023-03-01,1510.8
M,IMP,TRD_VAL,VN,SITC8,EA20,2023-03-01,1200.3
M,IMP,TRD_VAL,CN_X_HK,SITC5,EA20,2023-04-01,3075.7
M,IMP,TRD_VAL,CN_X_HK,SITC6,EA20,2023-04-01,3818.6
M,IMP,TRD_VAL,CN_X_HK,SITC7,EA20,2023-04-01,19884.9
M,IMP,TRD_VAL,CN_X_HK,SITC8,EA20,2023-04-01,6531
M,IMP,TRD_VAL,EU27_2020_NEA20,SITC5,EA20,2023-04-01,4656.4
M,IMP,TRD_VAL,EU27_2020_NEA20,SITC6,EA20,2023-04-01,7123.6
M,IMP,TRD_VAL,EU27_2020_NEA20,SITC7,EA20,2023-04-01,23190
M,IMP,TRD_VAL,EU27_2020_NEA20,SITC8,EA20,2023-04-01,6108.7
M,IMP,TRD_VAL,US,SITC5,EA20,2023-04-01,6047.2
M,IMP,TRD_VAL,US,SITC6,EA20,2023-04-01,1129.5
M,IMP,TRD_VAL,US,SITC7,EA20,2023-04-01,7768.7
M,IMP,TRD_VAL,US,SITC8,EA20,2023-04-01,2522.1
M,IMP,TRD_VAL,VN,SITC5,EA20,2023-04-01,57.4
M,IMP,TRD_VAL,VN,SITC6,EA20,2023-04-01,316.2
M,IMP,TRD_VAL,VN,SITC7,EA20,2023-04-01,1450.3
M,IMP,TRD_VAL,VN,SITC8,EA20,2023-04-01,916
M,IMP,TRD_VAL,CN_X_HK,SITC5,EA20,2023-05-01,3591.6
M,IMP,TRD_VAL,CN_X_HK,SITC6,EA20,2023-05-01,4165.7
M,IMP,TRD_VAL,CN_X_HK,SITC7,EA20,2023-05-01,21506.9
M,IMP,TRD_VAL,CN_X_HK,SITC8,EA20,2023-05-01,7422.8
M,IMP,TRD_VAL,EU27_2020_NEA20,SITC5,EA20,2023-05-01,5057.7
M,IMP,TRD_VAL,EU27_2020_NEA20,SITC6,EA20,2023-05-01,7829.8
M,IMP,TRD_VAL,EU27_2020_NEA20,SITC7,EA20,2023-05-01,26091.3
M,IMP,TRD_VAL,EU27_2020_NEA20,SITC8,EA20,2023-05-01,6744.7
M,IMP,TRD_VAL,US,SITC5,EA20,2023-05-01,6256.8
M,IMP,TRD_VAL,US,SITC6,EA20,2023-05-01,1179
M,IMP,TRD_VAL,US,SITC7,EA20,2023-05-01,7998.4
M,IMP,TRD_VAL,US,SITC8,EA20,2023-05-01,2721.4
M,IMP,TRD_VAL,VN,SITC5,EA20,2023-05-01,64.3
M,IMP,TRD_VAL,VN,SITC6,EA20,2023-05-01,495.6
M,IMP,TRD_VAL,VN,SITC7,EA20,2023-05-01,1353.2
M,IMP,TRD_VAL,VN,SITC8,EA20,2023-05-01,1008.6
M,IMP,TRD_VAL,CN_X_HK,SITC5,EA20,2023-06-01,3080.8
M,IMP,TRD_VAL,CN_X_HK,SITC6,EA20,2023-06-01,3958.3
M,IMP,TRD_VAL,CN_X_HK,SITC7,EA20,2023-06-01,20446.7
M,IMP,TRD_VAL,CN_X_HK,SITC8,EA20,2023-06-01,8013.6
M,IMP,TRD_VAL,EU27_2020_NEA20,SITC5,EA20,2023-06-01,5233.2
M,IMP,TRD_VAL,EU27_2020_NEA20,SITC6,EA20,2023-06-01,7812.3
M,IMP,TRD_VAL,EU27_2020_NEA20,SITC7,EA20,2023-06-01,26879.6
M,IMP,TRD_VAL,EU27_2020_NEA20,SITC8,EA20,2023-06-01,6813.9
M,IMP,TRD_VAL,US,SITC5,EA20,2023-06-01,6775.4
M,IMP,TRD_VAL,US,SITC6,EA20,2023-06-01,1306.9
M,IMP,TRD_VAL,US,SITC7,EA20,2023-06-01,8379.9
M,IMP,TRD_VAL,US,SITC8,EA20,2023-06-01,2704.7
M,IMP,TRD_VAL,VN,SITC5,EA20,2023-06-01,48.1
M,IMP,TRD_VAL,VN,SITC6,EA20,2023-06-01,404.3
M,IMP,TRD_VAL,VN,SITC7,EA20,2023-06-01,1337.6
M,IMP,TRD_VAL,VN,SITC8,EA20,2023-06-01,1061.8
M,IMP,TRD_VAL,CN_X_HK,SITC5,EA20,2023-07-01,2617.5
M,IMP,TRD_VAL,CN_X_HK,SITC6,EA20,2023-07-01,4190.7
M,IMP,TRD_VAL,CN_X_HK,SITC7,EA20,2023-07-01,19569.2
M,IMP,TRD_VAL,CN_X_HK,SITC8,EA20,2023-07-01,8236.9
M,IMP,TRD_VAL,EU27_2020_NEA20,SITC5,EA20,2023-07-01,4574.8
M,IMP,TRD_VAL,EU27_2020_NEA20,SITC6,EA20,2023-07-01,6926
M,IMP,TRD_VAL,EU27_2020_NEA20,SITC7,EA20,2023-07-01,22676.2
M,IMP,TRD_VAL,EU27_2020_NEA20,SITC8,EA20,2023-07-01,6237.5
M,IMP,TRD_VAL,US,SITC5,EA20,2023-07-01,6039
M,IMP,TRD_VAL,US,SITC6,EA20,2023-07-01,1105.4
M,IMP,TRD_VAL,US,SITC7,EA20,2023-07-01,7384.9
M,IMP,TRD_VAL,US,SITC8,EA20,2023-07-01,2400.4
M,IMP,TRD_VAL,VN,SITC5,EA20,2023-07-01,49.7
M,IMP,TRD_VAL,VN,SITC6,EA20,2023-07-01,588.9
M,IMP,TRD_VAL,VN,SITC7,EA20,2023-07-01,1756.9
M,IMP,TRD_VAL,VN,SITC8,EA20,2023-07-01,1128.3
M,IMP,TRD_VAL,CN_X_HK,SITC5,EA20,2023-08-01,2271.8
M,IMP,TRD_VAL,CN_X_HK,SITC6,EA20,2023-08-01,3673.5
M,IMP,TRD_VAL,CN_X_HK,SITC7,EA20,2023-08-01,17963
M,IMP,TRD_VAL,CN_X_HK,SITC8,EA20,2023-08-01,8584.4
M,IMP,TRD_VAL,EU27_2020_NEA20,SITC5,EA20,2023-08-01,4246.9
M,IMP,TRD_VAL,EU27_2020_NEA20,SITC6,EA20,2023-08-01,6614
M,IMP,TRD_VAL,EU27_2020_NEA20,SITC7,EA20,2023-08-01,21104.7
M,IMP,TRD_VAL,EU27_2020_NEA20,SITC8,EA20,2023-08-01,6267.2
M,IMP,TRD_VAL,US,SITC5,EA20,2023-08-01,6034.5
M,IMP,TRD_VAL,US,SITC6,EA20,2023-08-01,1052.5
M,IMP,TRD_VAL,US,SITC7,EA20,2023-08-01,7530
M,IMP,TRD_VAL,US,SITC8,EA20,2023-08-01,2386.2
M,IMP,TRD_VAL,VN,SITC5,EA20,2023-08-01,40.9
M,IMP,TRD_VAL,VN,SITC6,EA20,2023-08-01,304.4
M,IMP,TRD_VAL,VN,SITC7,EA20,2023-08-01,1630
M,IMP,TRD_VAL,VN,SITC8,EA20,2023-08-01,1160.5
M,IMP,TRD_VAL,CN_X_HK,SITC5,EA20,2023-09-01,3074
M,IMP,TRD_VAL,CN_X_HK,SITC6,EA20,2023-09-01,3511.5
M,IMP,TRD_VAL,CN_X_HK,SITC7,EA20,2023-09-01,18642.7
M,IMP,TRD_VAL,CN_X_HK,SITC8,EA20,2023-09-01,8034.8
M,IMP,TRD_VAL,EU27_2020_NEA20,SITC5,EA20,2023-09-01,4781.3
M,IMP,TRD_VAL,EU27_2020_NEA20,SITC6,EA20,2023-09-01,7160.1
M,IMP,TRD_VAL,EU27_2020_NEA20,SITC7,EA20,2023-09-01,24908.6
M,IMP,TRD_VAL,EU27_2020_NEA20,SITC8,EA20,2023-09-01,6968.3
M,IMP,TRD_VAL,US,SITC5,EA20,2023-09-01,6178.2
M,IMP,TRD_VAL,US,SITC6,EA20,2023-09-01,1125.1
M,IMP,TRD_VAL,US,SITC7,EA20,2023-09-01,8058
M,IMP,TRD_VAL,US,SITC8,EA20,2023-09-01,2352.2
M,IMP,TRD_VAL,VN,SITC5,EA20,2023-09-01,41.6
M,IMP,TRD_VAL,VN,SITC6,EA20,2023-09-01,247.6
M,IMP,TRD_VAL,VN,SITC7,EA20,2023-09-01,1727.2
M,IMP,TRD_VAL,VN,SITC8,EA20,2023-09-01,1108.1
M,IMP,TRD_VAL,CN_X_HK,SITC5,EA20,2023-10-01,3481.7
M,IMP,TRD_VAL,CN_X_HK,SITC6,EA20,2023-10-01,4111.2
M,IMP,TRD_VAL,CN_X_HK,SITC7,EA20,2023-10-01,21557.4
M,IMP,TRD_VAL,CN_X_HK,SITC8,EA20,2023-10-01,7922.4
M,IMP,TRD_VAL,EU27_2020_NEA20,SITC5,EA20,2023-10-01,4952.3
M,IMP,TRD_VAL,EU27_2020_NEA20,SITC6,EA20,2023-10-01,7540.5
M,IMP,TRD_VAL,EU27_2020_NEA20,SITC7,EA20,2023-10-01,25729.2
M,IMP,TRD_VAL,EU27_2020_NEA20,SITC8,EA20,2023-10-01,7455.6
M,IMP,TRD_VAL,US,SITC5,EA20,2023-10-01,6221.8
M,IMP,TRD_VAL,US,SITC6,EA20,2023-10-01,1076.1
M,IMP,TRD_VAL,US,SITC7,EA20,2023-10-01,7715.6
M,IMP,TRD_VAL,US,SITC8,EA20,2023-10-01,2570.4
M,IMP,TRD_VAL,VN,SITC5,EA20,2023-10-01,45.5
M,IMP,TRD_VAL,VN,SITC6,EA20,2023-10-01,465.1
M,IMP,TRD_VAL,VN,SITC7,EA20,2023-10-01,1979.7
M,IMP,TRD_VAL,VN,SITC8,EA20,2023-10-01,1179.9
M,IMP,TRD_VAL,CN_X_HK,SITC5,EA20,2023-11-01,3553.2
M,IMP,TRD_VAL,CN_X_HK,SITC6,EA20,2023-11-01,3231.2
M,IMP,TRD_VAL,CN_X_HK,SITC7,EA20,2023-11-01,21415.6
M,IMP,TRD_VAL,CN_X_HK,SITC8,EA20,2023-11-01,6998.7
M,IMP,TRD_VAL,EU27_2020_NEA20,SITC5,EA20,2023-11-01,4930.2
M,IMP,TRD_VAL,EU27_2020_NEA20,SITC6,EA20,2023-11-01,7287.5
M,IMP,TRD_VAL,EU27_2020_NEA20,SITC7,EA20,2023-11-01,26631.8
M,IMP,TRD_VAL,EU27_2020_NEA20,SITC8,EA20,2023-11-01,7735.4
M,IMP,TRD_VAL,US,SITC5,EA20,2023-11-01,6223.3
M,IMP,TRD_VAL,US,SITC6,EA20,2023-11-01,1159.8
M,IMP,TRD_VAL,US,SITC7,EA20,2023-11-01,8859.9
M,IMP,TRD_VAL,US,SITC8,EA20,2023-11-01,2436.7
M,IMP,TRD_VAL,VN,SITC5,EA20,2023-11-01,47.8
M,IMP,TRD_VAL,VN,SITC6,EA20,2023-11-01,224.5
M,IMP,TRD_VAL,VN,SITC7,EA20,2023-11-01,1873
M,IMP,TRD_VAL,VN,SITC8,EA20,2023-11-01,1164.2
M,IMP,TRD_VAL,CN_X_HK,SITC5,EA20,2023-12-01,3032.7
M,IMP,TRD_VAL,CN_X_HK,SITC6,EA20,2023-12-01,2753.3
M,IMP,TRD_VAL,CN_X_HK,SITC7,EA20,2023-12-01,16328.7
M,IMP,TRD_VAL,CN_X_HK,SITC8,EA20,2023-12-01,6282.7
M,IMP,TRD_VAL,EU27_2020_NEA20,SITC5,EA20,2023-12-01,4206.4
M,IMP,TRD_VAL,EU27_2020_NEA20,SITC6,EA20,2023-12-01,5747.6
M,IMP,TRD_VAL,EU27_2020_NEA20,SITC7,EA20,2023-12-01,21282.2
M,IMP,TRD_VAL,EU27_2020_NEA20,SITC8,EA20,2023-12-01,6411.7
M,IMP,TRD_VAL,US,SITC5,EA20,2023-12-01,5841.7
M,IMP,TRD_VAL,US,SITC6,EA20,2023-12-01,842.5
M,IMP,TRD_VAL,US,SITC7,EA20,2023-12-01,8565.4
M,IMP,TRD_VAL,US,SITC8,EA20,2023-12-01,2452.8
M,IMP,TRD_VAL,VN,SITC5,EA20,2023-12-01,58.4
M,IMP,TRD_VAL,VN,SITC6,EA20,2023-12-01,182.6
M,IMP,TRD_VAL,VN,SITC7,EA20,2023-12-01,1446.8
M,IMP,TRD_VAL,VN,SITC8,EA20,2023-12-01,1057.7
M,IMP,TRD_VAL,CN_X_HK,SITC5,EA20,2024-01-01,2828.8
M,IMP,TRD_VAL,CN_X_HK,SITC6,EA20,2024-01-01,3242.4
M,IMP,TRD_VAL,CN_X_HK,SITC7,EA20,2024-01-01,16819
M,IMP,TRD_VAL,CN_X_HK,SITC8,EA20,2024-01-01,6648.4
M,IMP,TRD_VAL,EU27_2020_NEA20,SITC5,EA20,2024-01-01,4778.7
M,IMP,TRD_VAL,EU27_2020_NEA20,SITC6,EA20,2024-01-01,6672
M,IMP,TRD_VAL,EU27_2020_NEA20,SITC7,EA20,2024-01-01,23369.4
M,IMP,TRD_VAL,EU27_2020_NEA20,SITC8,EA20,2024-01-01,6561.2
M,IMP,TRD_VAL,US,SITC5,EA20,2024-01-01,6124.7
M,IMP,TRD_VAL,US,SITC6,EA20,2024-01-01,1165.1
M,IMP,TRD_VAL,US,SITC7,EA20,2024-01-01,7308.8
M,IMP,TRD_VAL,US,SITC8,EA20,2024-01-01,2295.1
M,IMP,TRD_VAL,VN,SITC5,EA20,2024-01-01,46.4
M,IMP,TRD_VAL,VN,SITC6,EA20,2024-01-01,385.7
M,IMP,TRD_VAL,VN,SITC7,EA20,2024-01-01,1921.5
M,IMP,TRD_VAL,VN,SITC8,EA20,2024-01-01,1111.5
M,IMP,TRD_VAL,CN_X_HK,SITC5,EA20,2024-02-01,3094.1
M,IMP,TRD_VAL,CN_X_HK,SITC6,EA20,2024-02-01,3432.9
M,IMP,TRD_VAL,CN_X_HK,SITC7,EA20,2024-02-01,16319.7
M,IMP,TRD_VAL,CN_X_HK,SITC8,EA20,2024-02-01,6946.5
M,IMP,TRD_VAL,EU27_2020_NEA20,SITC5,EA20,2024-02-01,4959.4
M,IMP,TRD_VAL,EU27_2020_NEA20,SITC6,EA20,2024-02-01,7208.5
M,IMP,TRD_VAL,EU27_2020_NEA20,SITC7,EA20,2024-02-01,24386.6
M,IMP,TRD_VAL,EU27_2020_NEA20,SITC8,EA20,2024-02-01,6686
M,IMP,TRD_VAL,US,SITC5,EA20,2024-02-01,5931.2
M,IMP,TRD_VAL,US,SITC6,EA20,2024-02-01,1114.9
M,IMP,TRD_VAL,US,SITC7,EA20,2024-02-01,7406.1
M,IMP,TRD_VAL,US,SITC8,EA20,2024-02-01,2541.6
M,IMP,TRD_VAL,VN,SITC5,EA20,2024-02-01,54.9
M,IMP,TRD_VAL,VN,SITC6,EA20,2024-02-01,251.5
M,IMP,TRD_VAL,VN,SITC7,EA20,2024-02-01,1450.2
M,IMP,TRD_VAL,VN,SITC8,EA20,2024-02-01,1204
M,IMP,TRD_VAL,CN_X_HK,SITC5,EA20,2024-03-01,3155.2
M,IMP,TRD_VAL,CN_X_HK,SITC6,EA20,2024-03-01,3689.6
M,IMP,TRD_VAL,CN_X_HK,SITC7,EA20,2024-03-01,19047.5
M,IMP,TRD_VAL,CN_X_HK,SITC8,EA20,2024-03-01,7504.5
M,IMP,TRD_VAL,EU27_2020_NEA20,SITC5,EA20,2024-03-01,5242.8
M,IMP,TRD_VAL,EU27_2020_NEA20,SITC6,EA20,2024-03-01,7511.9
M,IMP,TRD_VAL,EU27_2020_NEA20,SITC7,EA20,2024-03-01,24489.1
M,IMP,TRD_VAL,EU27_2020_NEA20,SITC8,EA20,2024-03-01,6810
M,IMP,TRD_VAL,US,SITC5,EA20,2024-03-01,5936.6
M,IMP,TRD_VAL,US,SITC6,EA20,2024-03-01,1099
M,IMP,TRD_VAL,US,SITC7,EA20,2024-03-01,8560.5
M,IMP,TRD_VAL,US,SITC8,EA20,2024-03-01,2647.3
M,IMP,TRD_VAL,VN,SITC5,EA20,2024-03-01,44.2
M,IMP,TRD_VAL,VN,SITC6,EA20,2024-03-01,292.1
M,IMP,TRD_VAL,VN,SITC7,EA20,2024-03-01,1653.5
M,IMP,TRD_VAL,VN,SITC8,EA20,2024-03-01,1189.2
M,IMP,TRD_VAL,CN_X_HK,SITC5,EA20,2024-04-01,3469.7
M,IMP,TRD_VAL,CN_X_HK,SITC6,EA20,2024-04-01,3752.7
M,IMP,TRD_VAL,CN_X_HK,SITC7,EA20,2024-04-01,18566.7
M,IMP,TRD_VAL,CN_X_HK,SITC8,EA20,2024-04-01,6656.8
M,IMP,TRD_VAL,EU27_2020_NEA20,SITC5,EA20,2024-04-01,5338.6
M,IMP,TRD_VAL,EU27_2020_NEA20,SITC6,EA20,2024-04-01,7628.5
M,IMP,TRD_VAL,EU27_2020_NEA20,SITC7,EA20,2024-04-01,25114.3
M,IMP,TRD_VAL,EU27_2020_NEA20,SITC8,EA20,2024-04-01,6995.9
M,IMP,TRD_VAL,US,SITC5,EA20,2024-04-01,6520.7
M,IMP,TRD_VAL,US,SITC6,EA20,2024-04-01,1365
M,IMP,TRD_VAL,US,SITC7,EA20,2024-04-01,7843.2
M,IMP,TRD_VAL,US,SITC8,EA20,2024-04-01,2734.6
M,IMP,TRD_VAL,VN,SITC5,EA20,2024-04-01,57.8
M,IMP,TRD_VAL,VN,SITC6,EA20,2024-04-01,482
M,IMP,TRD_VAL,VN,SITC7,EA20,2024-04-01,1677.6
M,IMP,TRD_VAL,VN,SITC8,EA20,2024-04-01,1131.9
M,IMP,TRD_VAL,CN_X_HK,SITC5,EA20,2024-05-01,3615.7
M,IMP,TRD_VAL,CN_X_HK,SITC6,EA20,2024-05-01,3890.5
M,IMP,TRD_VAL,CN_X_HK,SITC7,EA20,2024-05-01,19602.3
M,IMP,TRD_VAL,CN_X_HK,SITC8,EA20,2024-05-01,6906.3
M,IMP,TRD_VAL,EU27_2020_NEA20,SITC5,EA20,2024-05-01,4997.6
M,IMP,TRD_VAL,EU27_2020_NEA20,SITC6,EA20,2024-05-01,7403.1
M,IMP,TRD_VAL,EU27_2020_NEA20,SITC7,EA20,2024-05-01,23042
M,IMP,TRD_VAL,EU27_2020_NEA20,SITC8,EA20,2024-05-01,6430.1
M,IMP,TRD_VAL,US,SITC5,EA20,2024-05-01,7168.6
M,IMP,TRD_VAL,US,SITC6,EA20,2024-05-01,1104.2
M,IMP,TRD_VAL,US,SITC7,EA20,2024-05-01,8548.7
M,IMP,TRD_VAL,US,SITC8,EA20,2024-05-01,2704.8
M,IMP,TRD_VAL,VN,SITC5,EA20,2024-05-01,70.7
M,IMP,TRD_VAL,VN,SITC6,EA20,2024-05-01,372.1
M,IMP,TRD_VAL,VN,SITC7,EA20,2024-05-01,1665.4
M,IMP,TRD_VAL,VN,SITC8,EA20,2024-05-01,1174.9
M,IMP,TRD_VAL,CN_X_HK,SITC5,EA20,2024-06-01,3494.9
M,IMP,TRD_VAL,CN_X_HK,SITC6,EA20,2024-06-01,3717.4
M,IMP,TRD_VAL,CN_X_HK,SITC7,EA20,2024-06-01,17013.7
M,IMP,TRD_VAL,CN_X_HK,SITC8,EA20,2024-06-01,6789.8
M,IMP,TRD_VAL,EU27_2020_NEA20,SITC5,EA20,2024-06-01,5009.6
M,IMP,TRD_VAL,EU27_2020_NEA20,SITC6,EA20,2024-06-01,7251.6
M,IMP,TRD_VAL,EU27_2020_NEA20,SITC7,EA20,2024-06-01,23680.3
M,IMP,TRD_VAL,EU27_2020_NEA20,SITC8,EA20,2024-06-01,6529.9
M,IMP,TRD_VAL,US,SITC5,EA20,2024-06-01,6213.5
M,IMP,TRD_VAL,US,SITC6,EA20,2024-06-01,1041.3
M,IMP,TRD_VAL,US,SITC7,EA20,2024-06-01,7963.1
M,IMP,TRD_VAL,US,SITC8,EA20,2024-06-01,2426.3
M,IMP,TRD_VAL,VN,SITC5,EA20,2024-06-01,70.3
M,IMP,TRD_VAL,VN,SITC6,EA20,2024-06-01,340.1
M,IMP,TRD_VAL,VN,SITC7,EA20,2024-06-01,1699.6
M,IMP,TRD_VAL,VN,SITC8,EA20,2024-06-01,1244.8
M,IMP,TRD_VAL,CN_X_HK,SITC5,EA20,2024-07-01,3524.7
M,IMP,TRD_VAL,CN_X_HK,SITC6,EA20,2024-07-01,4684.4
M,IMP,TRD_VAL,CN_X_HK,SITC7,EA20,2024-07-01,20015.5
M,IMP,TRD_VAL,CN_X_HK,SITC8,EA20,2024-07-01,8774.7
M,IMP,TRD_VAL,EU27_2020_NEA20,SITC5,EA20,2024-07-01,5409.5
M,IMP,TRD_VAL,EU27_2020_NEA20,SITC6,EA20,2024-07-01,7239.6
M,IMP,TRD_VAL,EU27_2020_NEA20,SITC7,EA20,2024-07-01,21864.7
M,IMP,TRD_VAL,EU27_2020_NEA20,SITC8,EA20,2024-07-01,6659.4
M,IMP,TRD_VAL,US,SITC5,EA20,2024-07-01,6382.7
M,IMP,TRD_VAL,US,SITC6,EA20,2024-07-01,1174.5
M,IMP,TRD_VAL,US,SITC7,EA20,2024-07-01,8440.4
M,IMP,TRD_VAL,US,SITC8,EA20,2024-07-01,2569
M,IMP,TRD_VAL,VN,SITC5,EA20,2024-07-01,59.8
M,IMP,TRD_VAL,VN,SITC6,EA20,2024-07-01,569.5
M,IMP,TRD_VAL,VN,SITC7,EA20,2024-07-01,1988.8
M,IMP,TRD_VAL,VN,SITC8,EA20,2024-07-01,1358.5
M,IMP,TRD_VAL,CN_X_HK,SITC5,EA20,2024-08-01,2906.4
M,IMP,TRD_VAL,CN_X_HK,SITC6,EA20,2024-08-01,4640
M,IMP,TRD_VAL,CN_X_HK,SITC7,EA20,2024-08-01,18960.9
M,IMP,TRD_VAL,CN_X_HK,SITC8,EA20,2024-08-01,10063
M,IMP,TRD_VAL,EU27_2020_NEA20,SITC5,EA20,2024-08-01,4357.8
M,IMP,TRD_VAL,EU27_2020_NEA20,SITC6,EA20,2024-08-01,6352.7
M,IMP,TRD_VAL,EU27_2020_NEA20,SITC7,EA20,2024-08-01,19628.8
M,IMP,TRD_VAL,EU27_2020_NEA20,SITC8,EA20,2024-08-01,6111.7
M,IMP,TRD_VAL,US,SITC5,EA20,2024-08-01,5725
M,IMP,TRD_VAL,US,SITC6,EA20,2024-08-01,1003
M,IMP,TRD_VAL,US,SITC7,EA20,2024-08-01,7997.9
M,IMP,TRD_VAL,US,SITC8,EA20,2024-08-01,2433.5
M,IMP,TRD_VAL,VN,SITC5,EA20,2024-08-01,54.7
M,IMP,TRD_VAL,VN,SITC6,EA20,2024-08-01,323.1
M,IMP,TRD_VAL,VN,SITC7,EA20,2024-08-01,1774.5
M,IMP,TRD_VAL,VN,SITC8,EA20,2024-08-01,1358.9
M,IMP,TRD_VAL,CN_X_HK,SITC5,EA20,2024-09-01,3428.6
M,IMP,TRD_VAL,CN_X_HK,SITC6,EA20,2024-09-01,4696.6
M,IMP,TRD_VAL,CN_X_HK,SITC7,EA20,2024-09-01,19700.8
M,IMP,TRD_VAL,CN_X_HK,SITC8,EA20,2024-09-01,9806.2
M,IMP,TRD_VAL,EU27_2020_NEA20,SITC5,EA20,2024-09-01,4769.4
M,IMP,TRD_VAL,EU27_2020_NEA20,SITC6,EA20,2024-09-01,7318.7
M,IMP,TRD_VAL,EU27_2020_NEA20,SITC7,EA20,2024-09-01,24421.8
M,IMP,TRD_VAL,EU27_2020_NEA20,SITC8,EA20,2024-09-01,7366.8
M,IMP,TRD_VAL,US,SITC5,EA20,2024-09-01,7139.1
M,IMP,TRD_VAL,US,SITC6,EA20,2024-09-01,995.2
M,IMP,TRD_VAL,US,SITC7,EA20,2024-09-01,7406.1
M,IMP,TRD_VAL,US,SITC8,EA20,2024-09-01,2450.6
M,IMP,TRD_VAL,VN,SITC5,EA20,2024-09-01,52.2
M,IMP,TRD_VAL,VN,SITC6,EA20,2024-09-01,303.2
M,IMP,TRD_VAL,VN,SITC7,EA20,2024-09-01,2014.5
M,IMP,TRD_VAL,VN,SITC8,EA20,2024-09-01,1447.3
M,IMP,TRD_VAL,CN_X_HK,SITC5,EA20,2024-10-01,3290.5
M,IMP,TRD_VAL,CN_X_HK,SITC6,EA20,2024-10-01,4892.4
M,IMP,TRD_VAL,CN_X_HK,SITC7,EA20,2024-10-01,22761.6
M,IMP,TRD_VAL,CN_X_HK,SITC8,EA20,2024-10-01,9800.9
M,IMP,TRD_VAL,EU27_2020_NEA20,SITC5,EA20,2024-10-01,5357.4
M,IMP,TRD_VAL,EU27_2020_NEA20,SITC6,EA20,2024-10-01,7653.4
M,IMP,TRD_VAL,EU27_2020_NEA20,SITC7,EA20,2024-10-01,26270.2
M,IMP,TRD_VAL,EU27_2020_NEA20,SITC8,EA20,2024-10-01,7945.1
M,IMP,TRD_VAL,US,SITC5,EA20,2024-10-01,6194.1
M,IMP,TRD_VAL,US,SITC6,EA20,2024-10-01,1076
M,IMP,TRD_VAL,US,SITC7,EA20,2024-10-01,7456.5
M,IMP,TRD_VAL,US,SITC8,EA20,2024-10-01,2679.6
M,IMP,TRD_VAL,VN,SITC5,EA20,2024-10-01,44.6
M,IMP,TRD_VAL,VN,SITC6,EA20,2024-10-01,636.4
M,IMP,TRD_VAL,VN,SITC7,EA20,2024-10-01,2096
M,IMP,TRD_VAL,VN,SITC8,EA20,2024-10-01,1567.5
M,IMP,TRD_VAL,CN_X_HK,SITC5,EA20,2024-11-01,3370.9
M,IMP,TRD_VAL,CN_X_HK,SITC6,EA20,2024-11-01,4180.9
M,IMP,TRD_VAL,CN_X_HK,SITC7,EA20,2024-11-01,20968.5
M,IMP,TRD_VAL,CN_X_HK,SITC8,EA20,2024-11-01,8303.4
M,IMP,TRD_VAL,EU27_2020_NEA20,SITC5,EA20,2024-11-01,5218.6
M,IMP,TRD_VAL,EU27_2020_NEA20,SITC6,EA20,2024-11-01,7153.2
M,IMP,TRD_VAL,EU27_2020_NEA20,SITC7,EA20,2024-11-01,25407.6
M,IMP,TRD_VAL,EU27_2020_NEA20,SITC8,EA20,2024-11-01,7622.4
M,IMP,TRD_VAL,US,SITC5,EA20,2024-11-01,6825.3
M,IMP,TRD_VAL,US,SITC6,EA20,2024-11-01,996
M,IMP,TRD_VAL,US,SITC7,EA20,2024-11-01,7828.6
M,IMP,TRD_VAL,US,SITC8,EA20,2024-11-01,2503.1
M,IMP,TRD_VAL,VN,SITC5,EA20,2024-11-01,56.9
M,IMP,TRD_VAL,VN,SITC6,EA20,2024-11-01,238.9
M,IMP,TRD_VAL,VN,SITC7,EA20,2024-11-01,1985
M,IMP,TRD_VAL,VN,SITC8,EA20,2024-11-01,1292.3
M,IMP,TRD_VAL,CN_X_HK,SITC5,EA20,2024-12-01,3261.7
M,IMP,TRD_VAL,CN_X_HK,SITC6,EA20,2024-12-01,3613.3
M,IMP,TRD_VAL,CN_X_HK,SITC7,EA20,2024-12-01,17114.7
M,IMP,TRD_VAL,CN_X_HK,SITC8,EA20,2024-12-01,7505.8
M,IMP,TRD_VAL,EU27_2020_NEA20,SITC5,EA20,2024-12-01,4454.6
M,IMP,TRD_VAL,EU27_2020_NEA20,SITC6,EA20,2024-12-01,5606.6
M,IMP,TRD_VAL,EU27_2020_NEA20,SITC7,EA20,2024-12-01,21094.9
M,IMP,TRD_VAL,EU27_2020_NEA20,SITC8,EA20,2024-12-01,6781.1
M,IMP,TRD_VAL,US,SITC5,EA20,2024-12-01,4806.2
M,IMP,TRD_VAL,US,SITC6,EA20,2024-12-01,862.3
M,IMP,TRD_VAL,US,SITC7,EA20,2024-12-01,8582.6
M,IMP,TRD_VAL,US,SITC8,EA20,2024-12-01,2461.9
M,IMP,TRD_VAL,VN,SITC5,EA20,2024-12-01,64.7
M,IMP,TRD_VAL,VN,SITC6,EA20,2024-12-01,261.7
M,IMP,TRD_VAL,VN,SITC7,EA20,2024-12-01,1744.4
M,IMP,TRD_VAL,VN,SITC8,EA20,2024-12-01,1383
M,IMP,TRD_VAL,CN_X_HK,SITC5,EA20,2025-01-01,3785.1
M,IMP,TRD_VAL,CN_X_HK,SITC6,EA20,2025-01-01,4686.5
M,IMP,TRD_VAL,CN_X_HK,SITC7,EA20,2025-01-01,18441.2
M,IMP,TRD_VAL,CN_X_HK,SITC8,EA20,2025-01-01,8893.9
M,IMP,TRD_VAL,EU27_2020_NEA20,SITC5,EA20,2025-01-01,5342.7
M,IMP,TRD_VAL,EU27_2020_NEA20,SITC6,EA20,2025-01-01,6831.7
M,IMP,TRD_VAL,EU27_2020_NEA20,SITC7,EA20,2025-01-01,22926.1
M,IMP,TRD_VAL,EU27_2020_NEA20,SITC8,EA20,2025-01-01,6885.3
M,IMP,TRD_VAL,US,SITC5,EA20,2025-01-01,6564.2
M,IMP,TRD_VAL,US,SITC6,EA20,2025-01-01,1101.3
M,IMP,TRD_VAL,US,SITC7,EA20,2025-01-01,7410.6
M,IMP,TRD_VAL,US,SITC8,EA20,2025-01-01,2477
M,IMP,TRD_VAL,VN,SITC5,EA20,2025-01-01,56
M,IMP,TRD_VAL,VN,SITC6,EA20,2025-01-01,636.2
M,IMP,TRD_VAL,VN,SITC7,EA20,2025-01-01,2284.5
M,IMP,TRD_VAL,VN,SITC8,EA20,2025-01-01,1476.1
M,IMP,TRD_VAL,CN_X_HK,SITC5,EA20,2025-02-01,4000
M,IMP,TRD_VAL,CN_X_HK,SITC6,EA20,2025-02-01,4188.4
M,IMP,TRD_VAL,CN_X_HK,SITC7,EA20,2025-02-01,17426.7
M,IMP,TRD_VAL,CN_X_HK,SITC8,EA20,2025-02-01,8118.5
M,IMP,TRD_VAL,EU27_2020_NEA20,SITC5,EA20,2025-02-01,5041.1
M,IMP,TRD_VAL,EU27_2020_NEA20,SITC6,EA20,2025-02-01,7149.6
M,IMP,TRD_VAL,EU27_2020_NEA20,SITC7,EA20,2025-02-01,23874.8
M,IMP,TRD_VAL,EU27_2020_NEA20,SITC8,EA20,2025-02-01,6730.2
M,IMP,TRD_VAL,US,SITC5,EA20,2025-02-01,6607.9
M,IMP,TRD_VAL,US,SITC6,EA20,2025-02-01,1005.3
M,IMP,TRD_VAL,US,SITC7,EA20,2025-02-01,7480.9
M,IMP,TRD_VAL,US,SITC8,EA20,2025-02-01,2442.4
M,IMP,TRD_VAL,VN,SITC5,EA20,2025-02-01,48.6
M,IMP,TRD_VAL,VN,SITC6,EA20,2025-02-01,256.3
M,IMP,TRD_VAL,VN,SITC7,EA20,2025-02-01,1824.9
M,IMP,TRD_VAL,VN,SITC8,EA20,2025-02-01,1444
M,IMP,TRD_VAL,CN_X_HK,SITC5,EA20,2025-03-01,5582
M,IMP,TRD_VAL,CN_X_HK,SITC6,EA20,2025-03-01,4543
M,IMP,TRD_VAL,CN_X_HK,SITC7,EA20,2025-03-01,19699
M,IMP,TRD_VAL,CN_X_HK,SITC8,EA20,2025-03-01,8777.9
M,IMP,TRD_VAL,EU27_2020_NEA20,SITC5,EA20,2025-03-01,5457.3
M,IMP,TRD_VAL,EU27_2020_NEA20,SITC6,EA20,2025-03-01,7618
M,IMP,TRD_VAL,EU27_2020_NEA20,SITC7,EA20,2025-03-01,25827.3
M,IMP,TRD_VAL,EU27_2020_NEA20,SITC8,EA20,2025-03-01,7248.2
M,IMP,TRD_VAL,US,SITC5,EA20,2025-03-01,7175
M,IMP,TRD_VAL,US,SITC6,EA20,2025-03-01,1199.3
M,IMP,TRD_VAL,US,SITC7,EA20,2025-03-01,8887.9
M,IMP,TRD_VAL,US,SITC8,EA20,2025-03-01,2977.2
M,IMP,TRD_VAL,VN,SITC5,EA20,2025-03-01,49.6
M,IMP,TRD_VAL,VN,SITC6,EA20,2025-03-01,354.3
M,IMP,TRD_VAL,VN,SITC7,EA20,2025-03-01,2223.8
M,IMP,TRD_VAL,VN,SITC8,EA20,2025-03-01,1499
M,IMP,TRD_VAL,CN_X_HK,SITC5,EA20,2025-04-01,5306.4
M,IMP,TRD_VAL,CN_X_HK,SITC6,EA20,2025-04-01,4027.5
M,IMP,TRD_VAL,CN_X_HK,SITC7,EA20,2025-04-01,19179
M,IMP,TRD_VAL,CN_X_HK,SITC8,EA20,2025-04-01,6940.3
M,IMP,TRD_VAL,EU27_2020_NEA20,SITC5,EA20,2025-04-01,5410.3
M,IMP,TRD_VAL,EU27_2020_NEA20,SITC6,EA20,2025-04-01,7454.6
M,IMP,TRD_VAL,EU27_2020_NEA20,SITC7,EA20,2025-04-01,25087.8
M,IMP,TRD_VAL,EU27_2020_NEA20,SITC8,EA20,2025-04-01,7070.4
M,IMP,TRD_VAL,US,SITC5,EA20,2025-04-01,7223.9
M,IMP,TRD_VAL,US,SITC6,EA20,2025-04-01,1150.4
M,IMP,TRD_VAL,US,SITC7,EA20,2025-04-01,8596.8
M,IMP,TRD_VAL,US,SITC8,EA20,2025-04-01,2576.1
M,IMP,TRD_VAL,VN,SITC5,EA20,2025-04-01,64.5
M,IMP,TRD_VAL,VN,SITC6,EA20,2025-04-01,431.1
M,IMP,TRD_VAL,VN,SITC7,EA20,2025-04-01,1738.3
M,IMP,TRD_VAL,VN,SITC8,EA20,2025-04-01,1297.5
M,IMP,TRD_VAL,CN_X_HK,SITC5,EA20,2025-05-01,4171.7
M,IMP,TRD_VAL,CN_X_HK,SITC6,EA20,2025-05-01,3968.8
M,IMP,TRD_VAL,CN_X_HK,SITC7,EA20,2025-05-01,19490.5
M,IMP,TRD_VAL,CN_X_HK,SITC8,EA20,2025-05-01,7206.5
M,IMP,TRD_VAL,EU27_2020_NEA20,SITC5,EA20,2025-05-01,5244.4
M,IMP,TRD_VAL,EU27_2020_NEA20,SITC6,EA20,2025-05-01,7357.4
M,IMP,TRD_VAL,EU27_2020_NEA20,SITC7,EA20,2025-05-01,24082.1
M,IMP,TRD_VAL,EU27_2020_NEA20,SITC8,EA20,2025-05-01,7059.5
M,IMP,TRD_VAL,US,SITC5,EA20,2025-05-01,7360.5
M,IMP,TRD_VAL,US,SITC6,EA20,2025-05-01,1137.7
M,IMP,TRD_VAL,US,SITC7,EA20,2025-05-01,7312.7
M,IMP,TRD_VAL,US,SITC8,EA20,2025-05-01,2518.3
M,IMP,TRD_VAL,VN,SITC5,EA20,2025-05-01,65.8
M,IMP,TRD_VAL,VN,SITC6,EA20,2025-05-01,324.4
M,IMP,TRD_VAL,VN,SITC7,EA20,2025-05-01,1845.3
M,IMP,TRD_VAL,VN,SITC8,EA20,2025-05-01,1372.4
M,IMP,TRD_VAL,CN_X_HK,SITC5,EA20,2025-06-01,4465.3
M,IMP,TRD_VAL,CN_X_HK,SITC6,EA20,2025-06-01,4338.5
M,IMP,TRD_VAL,CN_X_HK,SITC7,EA20,2025-06-01,20568.7
M,IMP,TRD_VAL,CN_X_HK,SITC8,EA20,2025-06-01,7934.8
M,IMP,TRD_VAL,EU27_2020_NEA20,SITC5,EA20,2025-06-01,5307.8
M,IMP,TRD_VAL,EU27_2020_NEA20,SITC6,EA20,2025-06-01,7442.4
M,IMP,TRD_VAL,EU27_2020_NEA20,SITC7,EA20,2025-06-01,24895.4
M,IMP,TRD_VAL,EU27_2020_NEA20,SITC8,EA20,2025-06-01,7089.4
M,IMP,TRD_VAL,US,SITC5,EA20,2025-06-01,8407.2
M,IMP,TRD_VAL,US,SITC6,EA20,2025-06-01,1130.5
M,IMP,TRD_VAL,US,SITC7,EA20,2025-06-01,8393.7
M,IMP,TRD_VAL,US,SITC8,EA20,2025-06-01,2599.3
M,IMP,TRD_VAL,VN,SITC5,EA20,2025-06-01,69
M,IMP,TRD_VAL,VN,SITC6,EA20,2025-06-01,336.9
M,IMP,TRD_VAL,VN,SITC7,EA20,2025-06-01,1812.1
M,IMP,TRD_VAL,VN,SITC8,EA20,2025-06-01,1386.1
M,IMP,TRD_VAL,CN_X_HK,SITC5,EA20,2025-07-01,4325.7
M,IMP,TRD_VAL,CN_X_HK,SITC6,EA20,2025-07-01,4582.1
M,IMP,TRD_VAL,CN_X_HK,SITC7,EA20,2025-07-01,20018
M,IMP,TRD_VAL,CN_X_HK,SITC8,EA20,2025-07-01,9471.7
M,IMP,TRD_VAL,EU27_2020_NEA20,SITC5,EA20,2025-07-01,5291.5
M,IMP,TRD_VAL,EU27_2020_NEA20,SITC6,EA20,2025-07-01,7516.9
M,IMP,TRD_VAL,EU27_2020_NEA20,SITC7,EA20,2025-07-01,23673.2
M,IMP,TRD_VAL,EU27_2020_NEA20,SITC8,EA20,2025-07-01,7229.8
M,IMP,TRD_VAL,US,SITC5,EA20,2025-07-01,9012.5
M,IMP,TRD_VAL,US,SITC6,EA20,2025-07-01,1102.4
M,IMP,TRD_VAL,US,SITC7,EA20,2025-07-01,8448
M,IMP,TRD_VAL,US,SITC8,EA20,2025-07-01,2483.6
M,IMP,TRD_VAL,VN,SITC5,EA20,2025-07-01,87.8
M,IMP,TRD_VAL,VN,SITC6,EA20,2025-07-01,445.5
M,IMP,TRD_VAL,VN,SITC7,EA20,2025-07-01,2380.3
M,IMP,TRD_VAL,VN,SITC8,EA20,2025-07-01,1415.5
M,IMP,TRD_VAL,CN_X_HK,SITC5,EA20,2025-08-01,2669.5
M,IMP,TRD_VAL,CN_X_HK,SITC6,EA20,2025-08-01,3876.1
M,IMP,TRD_VAL,CN_X_HK,SITC7,EA20,2025-08-01,18031.8
M,IMP,TRD_VAL,CN_X_HK,SITC8,EA20,2025-08-01,8963.2
M,IMP,TRD_VAL,EU27_2020_NEA20,SITC5,EA20,2025-08-01,4274.2
M,IMP,TRD_VAL,EU27_2020_NEA20,SITC6,EA20,2025-08-01,6332.3
M,IMP,TRD_VAL,EU27_2020_NEA20,SITC7,EA20,2025-08-01,19356.6
M,IMP,TRD_VAL,EU27_2020_NEA20,SITC8,EA20,2025-08-01,6425.1
M,IMP,TRD_VAL,US,SITC5,EA20,2025-08-01,6010.5
M,IMP,TRD_VAL,US,SITC6,EA20,2025-08-01,878.9
M,IMP,TRD_VAL,US,SITC7,EA20,2025-08-01,8214.8
M,IMP,TRD_VAL,US,SITC8,EA20,2025-08-01,2227
M,IMP,TRD_VAL,VN,SITC5,EA20,2025-08-01,69.9
M,IMP,TRD_VAL,VN,SITC6,EA20,2025-08-01,310
M,IMP,TRD_VAL,VN,SITC7,EA20,2025-08-01,2437.5
M,IMP,TRD_VAL,VN,SITC8,EA20,2025-08-01,1375.2
M,IMP,TRD_VAL,CN_X_HK,SITC5,EA20,2025-09-01,4772.8
M,IMP,TRD_VAL,CN_X_HK,SITC6,EA20,2025-09-01,4196.4
M,IMP,TRD_VAL,CN_X_HK,SITC7,EA20,2025-09-01,20898.9
M,IMP,TRD_VAL,CN_X_HK,SITC8,EA20,2025-09-01,9425.3
M,IMP,TRD_VAL,EU27_2020_NEA20,SITC5,EA20,2025-09-01,5400.8
M,IMP,TRD_VAL,EU27_2020_NEA20,SITC6,EA20,2025-09-01,7781.6
M,IMP,TRD_VAL,EU27_2020_NEA20,SITC7,EA20,2025-09-01,26246.2
M,IMP,TRD_VAL,EU27_2020_NEA20,SITC8,EA20,2025-09-01,8138.9
M,IMP,TRD_VAL,US,SITC5,EA20,2025-09-01,8649.6
M,IMP,TRD_VAL,US,SITC6,EA20,2025-09-01,1076.9
M,IMP,TRD_VAL,US,SITC7,EA20,2025-09-01,9086.3
M,IMP,TRD_VAL,US,SITC8,EA20,2025-09-01,2520.8
M,IMP,TRD_VAL,VN,SITC5,EA20,2025-09-01,56.7
M,IMP,TRD_VAL,VN,SITC6,EA20,2025-09-01,280.4
M,IMP,TRD_VAL,VN,SITC7,EA20,2025-09-01,2264.9
M,IMP,TRD_VAL,VN,SITC8,EA20,2025-09-01,1397.8
M,IMP,TRD_VAL,CN_X_HK,SITC5,EA20,2025-10-01,4132.3
M,IMP,TRD_VAL,CN_X_HK,SITC6,EA20,2025-10-01,4185.5
M,IMP,TRD_VAL,CN_X_HK,SITC7,EA20,2025-10-01,21586.7
M,IMP,TRD_VAL,CN_X_HK,SITC8,EA20,2025-10-01,8244.6
M,IMP,TRD_VAL,EU27_2020_NEA20,SITC5,EA20,2025-10-01,5534.4
M,IMP,TRD_VAL,EU27_2020_NEA20,SITC6,EA20,2025-10-01,7990
M,IMP,TRD_VAL,EU27_2020_NEA20,SITC7,EA20,2025-10-01,27491.5
M,IMP,TRD_VAL,EU27_2020_NEA20,SITC8,EA20,2025-10-01,8471.3
M,IMP,TRD_VAL,US,SITC5,EA20,2025-10-01,7877.2
M,IMP,TRD_VAL,US,SITC6,EA20,2025-10-01,996.4
M,IMP,TRD_VAL,US,SITC7,EA20,2025-10-01,7909.2
M,IMP,TRD_VAL,US,SITC8,EA20,2025-10-01,2552.1
M,IMP,TRD_VAL,VN,SITC5,EA20,2025-10-01,56.8
M,IMP,TRD_VAL,VN,SITC6,EA20,2025-10-01,395.3
M,IMP,TRD_VAL,VN,SITC7,EA20,2025-10-01,2553.8
M,IMP,TRD_VAL,VN,SITC8,EA20,2025-10-01,1173.1
M,IMP,TRD_VAL,CN_X_HK,SITC5,EA20,2025-11-01,3397.4
M,IMP,TRD_VAL,CN_X_HK,SITC6,EA20,2025-11-01,3858.7
M,IMP,TRD_VAL,CN_X_HK,SITC7,EA20,2025-11-01,22964.3
M,IMP,TRD_VAL,CN_X_HK,SITC8,EA20,2025-11-01,8232.6
M,IMP,TRD_VAL,EU27_2020_NEA20,SITC5,EA20,2025-11-01,5133.1
M,IMP,TRD_VAL,EU27_2020_NEA20,SITC6,EA20,2025-11-01,6827.5
M,IMP,TRD_VAL,EU27_2020_NEA20,SITC7,EA20,2025-11-01,24131.8
M,IMP,TRD_VAL,EU27_2020_NEA20,SITC8,EA20,2025-11-01,7029.5
M,IMP,TRD_VAL,US,SITC5,EA20,2025-11-01,6761
M,IMP,TRD_VAL,US,SITC6,EA20,2025-11-01,975.1
M,IMP,TRD_VAL,US,SITC7,EA20,2025-11-01,7312.3
M,IMP,TRD_VAL,US,SITC8,EA20,2025-11-01,2401.5
M,IMP,TRD_VAL,VN,SITC5,EA20,2025-11-01,40.3
M,IMP,TRD_VAL,VN,SITC6,EA20,2025-11-01,283.8
M,IMP,TRD_VAL,VN,SITC7,EA20,2025-11-01,2631.5
M,IMP,TRD_VAL,VN,SITC8,EA20,2025-11-01,1450.2
